side,entry_day,cell,era,n_events,n_weeks,mean_gross_bp,mean_funding_bp,mean_net45_bp,mean_net90_bp,se_net45_bp_wk,median_net45_bp,win_rate_net45,feature
short,1,pump_le0,pooled,431,166,5.489244370083046,-70.75609443155453,-110.2668500614714,-155.26685006147144,202.2112452661224,541.1684018348625,0.6264501160092807,pump_cell
short,1,pump_le0,e2122,32,26,304.36170545859017,-23.678237499999998,235.68346795859014,190.68346795859011,394.5325791614981,802.0452365964551,0.625,pump_cell
short,1,pump_le0,e2324,152,69,34.26503339348165,-9.143684210526313,-19.878650817044694,-64.87865081704464,302.8192365220271,564.353894777019,0.631578947368421,pump_cell
short,1,pump_le0,e2526,247,72,-50.93925233594443,-114.77057935222672,-210.70983168817114,-255.7098316881714,305.8144266656335,452.54635101283355,0.6234817813765182,pump_cell
short,1,pump_le0,pre2025,184,95,81.23836766567439,-11.671432608695651,24.56693505697874,-20.433064943021243,260.85520005614734,579.606956718028,0.6304347826086957,pump_cell
short,1,pump_le0,post2025,247,72,-50.93925233594443,-114.77057935222672,-210.70983168817114,-255.7098316881714,293.49341562024125,452.54635101283355,0.6234817813765182,pump_cell
short,1,pump_0_25,pooled,166,101,503.422231726153,-30.710012650602405,427.7122190755504,382.7122190755503,191.07421637092256,315.1551375203658,0.6204819277108434,pump_cell
short,1,pump_0_25,e2122,14,12,1886.0917921647674,1.546564285714288,1842.638356450481,1797.6383564504818,313.42735944212967,1525.10440288898,0.9285714285714286,pump_cell
short,1,pump_0_25,e2324,54,40,523.245081687209,-7.251403703703702,470.99367798350534,425.9936779835054,249.3959907533856,472.22098150263975,0.6481481481481481,pump_cell
short,1,pump_0_25,e2526,98,49,294.97521392985055,-48.24426734693876,201.7309465829117,156.7309465829117,276.5708783751353,131.7740581461282,0.5612244897959183,pump_cell
short,1,pump_0_25,pre2025,68,52,803.8311691384708,-5.440057352941178,753.3911117855298,708.3911117855299,227.95478465356973,886.3653638022322,0.7058823529411765,pump_cell
short,1,pump_0_25,post2025,98,49,294.97521392985055,-48.24426734693876,201.7309465829117,156.7309465829117,269.75990521871734,131.7740581461282,0.5612244897959183,pump_cell
short,1,pump_25_100,pooled,54,43,-626.6642451466818,-146.32695740740738,-817.9912025540898,-862.9912025540897,633.5564625940569,340.0536432909945,0.5555555555555556,pump_cell
short,1,pump_25_100,e2122,6,5,-1885.1932946004335,-121.34445000000001,-2051.5377446004336,-2096.5377446004336,1007.500591961082,-1788.0230925263193,0.3333333333333333,pump_cell
short,1,pump_25_100,e2324,20,17,110.71734563871416,-225.49751499999996,-159.78016936128586,-204.78016936128597,566.3071369927643,376.6312268252582,0.6,pump_cell
short,1,pump_25_100,e2526,28,21,-883.6805851104468,-95.12995357142857,-1023.8105386818759,-1068.8105386818756,1125.2237592668025,777.4801477701743,0.5714285714285714,pump_cell
short,1,pump_25_100,pre2025,26,22,-349.8774174933969,-201.46219230769228,-596.3396098010893,-641.3396098010894,530.4984895450062,254.71354615833053,0.5384615384615384,pump_cell
short,1,pump_25_100,post2025,28,21,-883.6805851104468,-95.12995357142857,-1023.8105386818759,-1068.8105386818756,1109.4204997132924,777.4801477701743,0.5714285714285714,pump_cell
short,1,pump_gt100,pooled,8,8,705.5651013779101,-224.40357500000002,436.16152637791004,391.16152637790987,879.6907876858317,-140.3081846979199,0.375,pump_cell
short,1,pump_gt100,e2122,0,,,,,,,,,pump_cell
short,1,pump_gt100,e2324,4,4,-143.9779475280352,-341.41499999999996,-530.392947528035,-575.3929475280352,1216.1024394913004,-1323.3277687280467,0.25,pump_cell
short,1,pump_gt100,e2526,4,4,1555.1081502838551,-107.39215,1402.7160002838552,1357.716000283855,1155.5425336310402,1211.8870476934692,0.5,pump_cell
short,1,pump_gt100,pre2025,4,4,-143.9779475280352,-341.41499999999996,-530.392947528035,-575.3929475280352,1201.3554710272333,-1323.3277687280467,0.25,pump_cell
short,1,pump_gt100,post2025,4,4,1555.1081502838551,-107.39215,1402.7160002838552,1357.716000283855,1107.2862346008628,1211.8870476934692,0.5,pump_cell
short,2,pump_le0,pooled,431,166,81.17800278289216,-58.351999303944325,-22.173996521052125,-67.17399652105212,171.24046481971965,398.4478527607355,0.6102088167053364,pump_cell
short,2,pump_le0,e2122,32,26,251.61198186562663,-18.1880625,188.4239193656267,143.42391936562663,422.44820894997696,679.286035306919,0.5625,pump_cell
short,2,pump_le0,e2324,152,69,24.79127299340004,-8.110171052631578,-28.31889805923152,-73.3188980592315,245.24518823663996,426.0718013119205,0.625,pump_cell
short,2,pump_le0,e2526,247,72,93.79701329850063,-94.47347246963561,-45.67645917113493,-90.67645917113506,251.10058740973037,368.9781599894889,0.6072874493927125,pump_cell
short,2,pump_le0,pre2025,184,95,64.23835279726558,-9.862847826086956,9.375504971178609,-35.6244950288214,214.22413247784576,449.39833887732857,0.6141304347826086,pump_cell
short,2,pump_le0,post2025,247,72,93.79701329850063,-94.47347246963561,-45.67645917113493,-90.67645917113506,248.82158250456138,368.9781599894889,0.6072874493927125,pump_cell
short,2,pump_0_25,pooled,166,101,374.9663754836968,-27.538175903614455,302.4281995800824,257.4281995800823,187.17578809428898,382.1665124094402,0.5963855421686747,pump_cell
short,2,pump_0_25,e2122,14,12,1264.3892647358768,3.279635714285718,1222.6689004501625,1177.6689004501625,267.9969375364941,1121.6860296092623,0.9285714285714286,pump_cell
short,2,pump_0_25,e2324,54,40,532.7167545549547,1.9901518518518497,489.70690640680664,444.7069064068067,249.79892589285646,581.8010005898446,0.6851851851851852,pump_cell
short,2,pump_0_25,e2526,98,49,160.98228446963105,-48.21143163265306,67.77085283697794,22.77085283697799,274.9084241808204,32.53056323827124,0.5,pump_cell
short,2,pump_0_25,pre2025,68,52,683.3552125333797,2.2556338235294144,640.6108463569093,595.6108463569094,205.19983010557027,680.7493946224399,0.7352941176470589,pump_cell
short,2,pump_0_25,post2025,98,49,160.98228446963105,-48.21143163265306,67.77085283697794,22.77085283697799,279.58744280941573,32.53056323827124,0.5,pump_cell
short,2,pump_25_100,pooled,54,43,-273.61911154806825,-107.15295185185182,-425.77206339991994,-470.77206339992006,445.28009039255966,-57.413245230175434,0.46296296296296297,pump_cell
short,2,pump_25_100,e2122,6,5,-1040.438949597899,-40.45934999999999,-1125.898299597899,-1170.898299597899,440.48938992079803,-1325.34490718761,0.16666666666666666,pump_cell
short,2,pump_25_100,e2324,20,17,-112.92803287748066,-182.411045,-340.33907787748075,-385.3390778774806,576.5713431073272,32.523481601011184,0.5,pump_cell
short,2,pump_25_100,e2526,28,21,-224.07991673066684,-67.68865714285717,-336.76857387352413,-381.76857387352425,745.8336841729458,40.05696139950081,0.5,pump_cell
short,2,pump_25_100,pre2025,26,22,-326.9690136591157,-149.65296153846157,-521.6219751975773,-566.6219751975772,476.956614768351,-228.47635455864574,0.4230769230769231,pump_cell
short,2,pump_25_100,post2025,28,21,-224.07991673066684,-67.68865714285717,-336.76857387352413,-381.76857387352425,757.9244583526729,40.05696139950081,0.5,pump_cell
short,2,pump_gt100,pooled,8,8,-478.6150250250721,-47.10076249999999,-570.715787525072,-615.715787525072,703.4537666814034,-530.6436306435622,0.375,pump_cell
short,2,pump_gt100,e2122,0,,,,,,,,,pump_cell
short,2,pump_gt100,e2324,4,4,-491.1718129684917,-20.259924999999996,-556.4317379684916,-601.4317379684917,830.5572015256208,-67.96961439329678,0.5,pump_cell
short,2,pump_gt100,e2526,4,4,-466.0582370816524,-73.9416,-584.9998370816527,-629.9998370816526,1120.5793174737682,-896.4077890305865,0.25,pump_cell
short,2,pump_gt100,pre2025,4,4,-491.1718129684917,-20.259924999999996,-556.4317379684916,-601.4317379684917,829.2317062004074,-67.96961439329678,0.5,pump_cell
short,2,pump_gt100,post2025,4,4,-466.0582370816524,-73.9416,-584.9998370816527,-629.9998370816526,1124.6102723186739,-896.4077890305865,0.25,pump_cell
long,1,pump_le0,pooled,431,166,-5.489244370083046,70.75609443155453,20.26685006147153,-24.73314993852855,202.3295099437817,-631.1684018348625,0.35730858468677495,pump_cell
long,1,pump_le0,e2122,32,26,-304.36170545859017,23.678237499999998,-325.68346795859014,-370.68346795859003,390.2007787510178,-892.0452365964551,0.375,pump_cell
long,1,pump_le0,e2324,152,69,-34.26503339348165,9.143684210526313,-70.12134918295529,-115.1213491829554,303.56616456703057,-654.353894777019,0.35526315789473684,pump_cell
long,1,pump_le0,e2526,247,72,50.93925233594443,114.77057935222672,120.70983168817128,75.70983168817118,287.7943164764171,-542.5463510128335,0.3562753036437247,pump_cell
long,1,pump_le0,pre2025,184,95,-81.23836766567439,11.671432608695651,-114.5669350569787,-159.56693505697876,260.0534798544044,-669.606956718028,0.358695652173913,pump_cell
long,1,pump_le0,post2025,247,72,50.93925233594443,114.77057935222672,120.70983168817128,75.70983168817118,298.9770563327309,-542.5463510128335,0.3562753036437247,pump_cell
long,1,pump_0_25,pooled,166,101,-503.422231726153,30.710012650602405,-517.7122190755505,-562.7122190755505,182.39579407592612,-405.15513752036577,0.3493975903614458,pump_cell
long,1,pump_0_25,e2122,14,12,-1886.0917921647674,-1.546564285714288,-1932.6383564504818,-1977.6383564504815,309.8650458134426,-1615.1044028889798,0.0,pump_cell
long,1,pump_0_25,e2324,54,40,-523.245081687209,7.251403703703702,-560.9936779835054,-605.9936779835054,251.84178245005467,-562.2209815026397,0.3148148148148148,pump_cell
long,1,pump_0_25,e2526,98,49,-294.97521392985055,48.24426734693876,-291.73094658291166,-336.7309465829117,272.6233085411916,-221.7740581461282,0.41836734693877553,pump_cell
long,1,pump_0_25,pre2025,68,52,-803.8311691384708,5.440057352941178,-843.3911117855297,-888.39111178553,223.76064568094012,-976.3653638022322,0.25,pump_cell
long,1,pump_0_25,post2025,98,49,-294.97521392985055,48.24426734693876,-291.73094658291166,-336.7309465829117,264.56222217499237,-221.7740581461282,0.41836734693877553,pump_cell
long,1,pump_25_100,pooled,54,43,626.6642451466818,146.32695740740738,727.9912025540893,682.9912025540897,626.1671155388522,-430.05364329099444,0.42592592592592593,pump_cell
long,1,pump_25_100,e2122,6,5,1885.1932946004335,121.34445000000001,1961.5377446004336,1916.5377446004336,970.6927393139274,1698.0230925263195,0.6666666666666666,pump_cell
long,1,pump_25_100,e2324,20,17,-110.71734563871416,225.49751499999996,69.7801693612859,24.780169361285804,567.3952911258674,-466.6312268252581,0.35,pump_cell
long,1,pump_25_100,e2526,28,21,883.6805851104468,95.12995357142857,933.8105386818755,888.810538681876,1116.7234725122519,-867.4801477701743,0.42857142857142855,pump_cell
long,1,pump_25_100,pre2025,26,22,349.8774174933969,201.46219230769228,506.33960980108935,461.3396098010892,543.6990826904138,-344.7135461583305,0.4230769230769231,pump_cell
long,1,pump_25_100,post2025,28,21,883.6805851104468,95.12995357142857,933.8105386818755,888.810538681876,1098.749170678042,-867.4801477701743,0.42857142857142855,pump_cell
long,1,pump_gt100,pooled,8,8,-705.5651013779101,224.40357500000002,-526.1615263779101,-571.1615263779099,887.8825126050838,50.30818469791989,0.5,pump_cell
long,1,pump_gt100,e2122,0,,,,,,,,,pump_cell
long,1,pump_gt100,e2324,4,4,143.9779475280352,341.41499999999996,440.3929475280352,395.39294752803505,1246.5179101269755,1233.3277687280467,0.5,pump_cell
long,1,pump_gt100,e2526,4,4,-1555.1081502838551,107.39215,-1492.7160002838552,-1537.7160002838552,1134.6989726205518,-1301.8870476934694,0.5,pump_cell
long,1,pump_gt100,pre2025,4,4,143.9779475280352,341.41499999999996,440.3929475280352,395.39294752803505,1227.6917723868307,1233.3277687280467,0.5,pump_cell
long,1,pump_gt100,post2025,4,4,-1555.1081502838551,107.39215,-1492.7160002838552,-1537.7160002838552,1116.5042754876326,-1301.8870476934694,0.5,pump_cell
long,2,pump_le0,pooled,431,166,-81.17800278289216,58.351999303944325,-67.82600347894785,-112.82600347894788,166.73198051528948,-488.44785276073543,0.35498839907192575,pump_cell
long,2,pump_le0,e2122,32,26,-251.61198186562663,18.1880625,-278.42391936562666,-323.4239193656267,428.7062208685865,-769.2860353069191,0.40625,pump_cell
long,2,pump_le0,e2324,152,69,-24.79127299340004,8.110171052631578,-61.681101940768556,-106.68110194076851,246.1746874698835,-516.0718013119205,0.3355263157894737,pump_cell
long,2,pump_le0,e2526,247,72,-93.79701329850063,94.47347246963561,-44.32354082886499,-89.32354082886503,240.96767024535671,-458.97815998948886,0.3603238866396761,pump_cell
long,2,pump_le0,pre2025,184,95,-64.23835279726558,9.862847826086956,-99.37550497117864,-144.37550497117863,205.76429081989468,-539.3983388773286,0.34782608695652173,pump_cell
long,2,pump_le0,post2025,247,72,-93.79701329850063,94.47347246963561,-44.32354082886499,-89.32354082886503,243.73966218829,-458.97815998948886,0.3603238866396761,pump_cell
long,2,pump_0_25,pooled,166,101,-374.9663754836968,27.538175903614455,-392.4281995800824,-437.4281995800824,179.85511247854063,-472.16651240944014,0.3614457831325301,pump_cell
long,2,pump_0_25,e2122,14,12,-1264.3892647358768,-3.279635714285718,-1312.6689004501627,-1357.6689004501625,268.2943829214153,-1211.6860296092625,0.07142857142857142,pump_cell
long,2,pump_0_25,e2324,54,40,-532.7167545549547,-1.9901518518518497,-579.7069064068068,-624.7069064068066,248.0497365236177,-671.8010005898448,0.24074074074074073,pump_cell
long,2,pump_0_25,e2526,98,49,-160.98228446963105,48.21143163265306,-157.770852836978,-202.77085283697798,265.84409726958955,-122.53056323827123,0.46938775510204084,pump_cell
long,2,pump_0_25,pre2025,68,52,-683.3552125333797,-2.2556338235294144,-730.6108463569093,-775.6108463569093,203.30169464594252,-770.74939462244,0.20588235294117646,pump_cell
long,2,pump_0_25,post2025,98,49,-160.98228446963105,48.21143163265306,-157.770852836978,-202.77085283697798,278.3327555113788,-122.53056323827123,0.46938775510204084,pump_cell
long,2,pump_25_100,pooled,54,43,273.61911154806825,107.15295185185182,335.7720633999199,290.77206339992,441.3841399125154,-32.58675476982456,0.48148148148148145,pump_cell
long,2,pump_25_100,e2122,6,5,1040.438949597899,40.45934999999999,1035.898299597899,990.8982995978989,443.71285285736974,1235.3449071876098,0.6666666666666666,pump_cell
long,2,pump_25_100,e2324,20,17,112.92803287748066,182.411045,250.33907787748066,205.3390778774805,570.0826465696547,-122.52348160101118,0.5,pump_cell
long,2,pump_25_100,e2526,28,21,224.07991673066684,67.68865714285717,246.768573873524,201.76857387352428,723.6613037093641,-130.0569613995008,0.42857142857142855,pump_cell
long,2,pump_25_100,pre2025,26,22,326.9690136591157,149.65296153846157,431.62197519757706,386.62197519757706,474.5270432233386,138.4763545586457,0.5384615384615384,pump_cell
long,2,pump_25_100,post2025,28,21,224.07991673066684,67.68865714285717,246.768573873524,201.76857387352428,725.9453741965967,-130.0569613995008,0.42857142857142855,pump_cell
long,2,pump_gt100,pooled,8,8,478.6150250250721,47.10076249999999,480.715787525072,435.71578752507224,716.3764756628997,440.64363064356223,0.625,pump_cell
long,2,pump_gt100,e2122,0,,,,,,,,,pump_cell
long,2,pump_gt100,e2324,4,4,491.1718129684917,20.259924999999996,466.4317379684915,421.4317379684916,848.3648914533986,-22.030385606703167,0.5,pump_cell
long,2,pump_gt100,e2526,4,4,466.0582370816524,73.9416,494.99983708165246,449.9998370816524,1147.405738933285,806.4077890305865,0.75,pump_cell
long,2,pump_gt100,pre2025,4,4,491.1718129684917,20.259924999999996,466.4317379684915,421.4317379684916,847.9500633279079,-22.030385606703167,0.5,pump_cell
long,2,pump_gt100,post2025,4,4,466.0582370816524,73.9416,494.99983708165246,449.9998370816524,1146.0223809842505,806.4077890305865,0.75,pump_cell
short,1,tdec_lt30,pooled,39,29,411.9861467589372,-61.834653846153834,305.15149291278345,260.1514929127834,368.14044219504603,388.6617596102748,0.5897435897435898,tdecay_cell
short,1,tdec_lt30,e2122,3,3,-1317.69230420439,11.898100000000003,-1350.7942042043899,-1395.79420420439,1645.591498370861,1.3589505617978523,0.6666666666666666,tdecay_cell
short,1,tdec_lt30,e2324,8,5,826.1719238537848,-92.97565,688.1962738537846,643.1962738537846,888.2586988524838,890.1608440317632,0.75,tdecay_cell
short,1,tdec_lt30,e2526,28,21,478.9700444779087,-60.83716428571429,373.13288019219453,328.1328801921944,422.3989597808797,282.14630129994913,0.5357142857142857,tdecay_cell
short,1,tdec_lt30,pre2025,11,8,241.4816798379189,-64.37371818181818,132.1079616561007,87.10796165610073,831.0794573796413,493.88221492257156,0.7272727272727273,tdecay_cell
short,1,tdec_lt30,post2025,28,21,478.9700444779087,-60.83716428571429,373.13288019219453,328.1328801921944,421.8272579542962,282.14630129994913,0.5357142857142857,tdecay_cell
short,1,tdec_30_70,pooled,301,140,31.831554177552466,-53.453602990033225,-66.62204881248073,-111.62204881248068,275.6530005443525,666.4167446992136,0.6478405315614618,tdecay_cell
short,1,tdec_30_70,e2122,20,19,843.962144350476,1.4150750000000003,800.377219350476,755.3772193504761,326.59488793130237,1021.6470581879339,0.65,tdecay_cell
short,1,tdec_30_70,e2324,101,55,286.77415050998275,8.850176237623765,250.62432674760643,205.62432674760646,299.79711232379697,588.5799238820184,0.6336633663366337,tdecay_cell
short,1,tdec_30_70,e2526,180,66,-201.45630156152484,-94.50946555555556,-340.96576711708036,-385.96576711708025,429.4058632727947,716.8808468345529,0.6555555555555556,tdecay_cell
short,1,tdec_30_70,pre2025,121,74,378.87133957452704,7.621233884297523,341.49257345882455,296.4925734588246,252.02572493488458,666.4167446992136,0.6363636363636364,tdecay_cell
short,1,tdec_30_70,post2025,180,66,-201.45630156152484,-94.50946555555556,-340.96576711708036,-385.96576711708025,435.4861471502983,716.8808468345529,0.6555555555555556,tdecay_cell
short,1,tdec_ge70,pooled,319,148,100.59513740472649,-83.97974012539184,-28.3846027206653,-73.38460272066536,172.46454093673032,247.37282231773887,0.5893416927899686,tdecay_cell
short,1,tdec_ge70,e2122,29,23,410.60461803388523,-52.69359310344827,312.91102493043695,267.91102493043684,542.0443204936438,875.9263230702519,0.6896551724137931,tdecay_cell
short,1,tdec_ge70,e2324,121,62,-3.8976031632883896,-64.52139421487604,-113.4189973781644,-158.41899737816442,277.8664041570655,418.71696098191273,0.6115702479338843,tdecay_cell
short,1,tdec_ge70,e2526,169,64,122.2125733247513,-103.28008402366865,-26.067510698917204,-71.06751069891729,249.79020195999817,134.2340222222223,0.5562130177514792,tdecay_cell
short,1,tdec_ge70,pre2025,150,85,76.23949293483182,-62.234685999999996,-30.995193065168145,-75.99519306516818,244.70217561289465,467.8097234203832,0.6266666666666667,tdecay_cell
short,1,tdec_ge70,post2025,169,64,122.2125733247513,-103.28008402366865,-26.067510698917204,-71.06751069891729,251.0108295865454,134.2340222222223,0.5562130177514792,tdecay_cell
short,2,tdec_lt30,pooled,130,75,-119.34329964557485,-58.97359615384615,-223.31689579942096,-268.316895799421,418.1682114820607,353.48304802253136,0.6,tdecay_cell
short,2,tdec_lt30,e2122,6,6,-366.46277843182827,-3.135849999999994,-414.59862843182844,-459.5986284318284,546.5715814392682,-233.36131309538226,0.5,tdecay_cell
short,2,tdec_lt30,e2324,38,28,8.245442062883864,-4.519218421052631,-41.27377635816866,-86.27377635816872,396.7343439839794,146.12915058974684,0.631578947368421,tdecay_cell
short,2,tdec_lt30,e2526,86,41,-158.47882653166687,-86.93048953488372,-290.4093160665505,-335.4093160665505,621.9744740790223,479.23465236184194,0.5930232558139535,tdecay_cell
short,2,tdec_lt30,pre2025,44,34,-42.851133459122345,-4.330577272727272,-92.18171073184953,-137.18171073184962,337.51416848858594,146.12915058974684,0.6136363636363636,tdecay_cell
short,2,tdec_lt30,post2025,86,41,-158.47882653166687,-86.93048953488372,-290.4093160665505,-335.4093160665505,620.7873197474462,479.23465236184194,0.5930232558139535,tdecay_cell
short,2,tdec_30_70,pooled,259,129,404.8335614353369,-41.32298416988417,318.51057726545275,273.51057726545275,157.4925057704513,519.1481362397814,0.6216216216216216,tdecay_cell
short,2,tdec_30_70,e2122,19,18,833.1873047495103,8.44666842105263,796.633973170563,751.6339731705629,369.86262063029136,1087.4227675698558,0.7368421052631579,tdecay_cell
short,2,tdec_30_70,e2324,90,50,256.73870615917514,-7.003481111111112,204.73522504806397,159.735225048064,245.00764101734828,433.74346433774014,0.6333333333333333,tdecay_cell
short,2,tdec_30_70,e2526,150,61,439.43233378123864,-68.21884200000001,326.21349178123876,281.2134917812387,232.63163367467683,485.1437026389109,0.6,tdecay_cell
short,2,tdec_30_70,pre2025,109,68,357.22057196849954,-4.310335779816514,307.910236188683,262.9102361886831,209.54148736575996,581.6552508550094,0.6513761467889908,tdecay_cell
short,2,tdec_30_70,post2025,150,61,439.43233378123864,-68.21884200000001,326.21349178123876,281.2134917812387,229.5004184789615,485.1437026389109,0.6,tdecay_cell
short,2,tdec_ge70,pooled,270,139,-39.66473389593926,-64.86997777777778,-149.53471167371706,-194.53471167371703,186.91009572197555,204.7140825800696,0.5592592592592592,tdecay_cell
short,2,tdec_ge70,e2122,27,21,217.72656699130405,-34.093733333333326,138.63283365797065,93.63283365797075,483.4813553645965,757.1684259730123,0.5555555555555556,tdecay_cell
short,2,tdec_ge70,e2324,102,56,47.95999979240635,-39.73034117647059,-36.770341384064245,-81.77034138406432,274.2642787199114,518.1644574096163,0.6176470588235294,tdecay_cell
short,2,tdec_ge70,e2526,141,63,-152.34053503187405,-88.94942127659576,-286.2899563084699,-331.28995630846987,271.8970924228022,41.22155322825124,0.5177304964539007,tdecay_cell
short,2,tdec_ge70,pre2025,129,77,83.49253711310588,-38.55058604651161,-0.058048933405824676,-45.05804893340579,241.82437961863937,527.0910560119495,0.6046511627906976,tdecay_cell
short,2,tdec_ge70,post2025,141,63,-152.34053503187405,-88.94942127659576,-286.2899563084699,-331.28995630846987,279.7194859554136,41.22155322825124,0.5177304964539007,tdecay_cell
long,1,tdec_lt30,pooled,39,29,-411.9861467589372,61.834653846153834,-395.15149291278334,-440.1514929127835,363.50457309147487,-478.66175961027477,0.358974358974359,tdecay_cell
long,1,tdec_lt30,e2122,3,3,1317.69230420439,-11.898100000000003,1260.79420420439,1215.7942042043899,1588.050616778184,-91.35895056179784,0.3333333333333333,tdecay_cell
long,1,tdec_lt30,e2324,8,5,-826.1719238537848,92.97565,-778.1962738537846,-823.1962738537848,864.7048895994016,-980.1608440317632,0.125,tdecay_cell
long,1,tdec_lt30,e2526,28,21,-478.9700444779087,60.83716428571429,-463.1328801921945,-508.1328801921946,413.1522622244507,-372.1463012999491,0.42857142857142855,tdecay_cell
long,1,tdec_lt30,pre2025,11,8,-241.4816798379189,64.37371818181818,-222.10796165610066,-267.10796165610077,837.5884950265291,-583.8822149225715,0.18181818181818182,tdecay_cell
long,1,tdec_lt30,post2025,28,21,-478.9700444779087,60.83716428571429,-463.1328801921945,-508.1328801921946,413.72278192141613,-372.1463012999491,0.42857142857142855,tdecay_cell
long,1,tdec_30_70,pooled,301,140,-31.831554177552466,53.453602990033225,-23.37795118751931,-68.3779511875193,276.46084024228355,-756.4167446992137,0.33222591362126247,tdecay_cell
long,1,tdec_30_70,e2122,20,19,-843.962144350476,-1.4150750000000003,-890.3772193504761,-935.377219350476,320.9401526383736,-1111.647058187934,0.3,tdecay_cell
long,1,tdec_30_70,e2324,101,55,-286.77415050998275,-8.850176237623765,-340.6243267476064,-385.6243267476065,290.31651401937484,-678.5799238820184,0.3564356435643564,tdecay_cell
long,1,tdec_30_70,e2526,180,66,201.45630156152484,94.50946555555556,250.96576711708042,205.96576711708033,422.6404307710023,-806.880846834553,0.32222222222222224,tdecay_cell
long,1,tdec_30_70,pre2025,121,74,-378.87133957452704,-7.621233884297523,-431.49257345882455,-476.4925734588246,246.7758333874169,-756.4167446992137,0.34710743801652894,tdecay_cell
long,1,tdec_30_70,post2025,180,66,201.45630156152484,94.50946555555556,250.96576711708042,205.96576711708033,419.64555902987433,-806.880846834553,0.32222222222222224,tdecay_cell
long,1,tdec_ge70,pooled,319,148,-100.59513740472649,83.97974012539184,-61.61539727933467,-106.61539727933469,179.9209172289512,-337.37282231773884,0.39184952978056425,tdecay_cell
long,1,tdec_ge70,e2122,29,23,-410.60461803388523,52.69359310344827,-402.9110249304368,-447.911024930437,542.8224636339921,-965.9263230702519,0.3103448275862069,tdecay_cell
long,1,tdec_ge70,e2324,121,62,3.8976031632883896,64.52139421487604,23.418997378164377,-21.58100262183561,273.21950748906005,-508.7169609819127,0.35537190082644626,tdecay_cell
long,1,tdec_ge70,e2526,169,64,-122.2125733247513,103.28008402366865,-63.93248930108271,-108.93248930108277,246.30483937883815,-224.23402222222234,0.4319526627218935,tdecay_cell
long,1,tdec_ge70,pre2025,150,85,-76.23949293483182,62.234685999999996,-59.004806934831834,-104.00480693483185,247.14256974422906,-557.8097234203831,0.3466666666666667,tdecay_cell
long,1,tdec_ge70,post2025,169,64,-122.2125733247513,103.28008402366865,-63.93248930108271,-108.93248930108277,258.62370075930676,-224.23402222222234,0.4319526627218935,tdecay_cell
long,2,tdec_lt30,pooled,130,75,119.34329964557485,58.97359615384615,133.31689579942105,88.3168957994209,421.48254391757513,-443.4830480225313,0.36923076923076925,tdecay_cell
long,2,tdec_lt30,e2122,6,6,366.46277843182827,3.135849999999994,324.59862843182833,279.5986284318284,523.9446511542232,143.36131309538223,0.5,tdecay_cell
long,2,tdec_lt30,e2324,38,28,-8.245442062883864,4.519218421052631,-48.72622364183135,-93.72622364183128,394.2790928218784,-236.12915058974684,0.3157894736842105,tdecay_cell
long,2,tdec_lt30,e2526,86,41,158.47882653166687,86.93048953488372,200.40931606655053,155.40931606655053,625.3953351107666,-569.2346523618419,0.38372093023255816,tdecay_cell
long,2,tdec_lt30,pre2025,44,34,42.851133459122345,4.330577272727272,2.1817107318495554,-42.81828926815039,345.49013925295094,-236.12915058974684,0.3409090909090909,tdecay_cell
long,2,tdec_lt30,post2025,86,41,158.47882653166687,86.93048953488372,200.40931606655053,155.40931606655053,631.0155432385006,-569.2346523618419,0.38372093023255816,tdecay_cell
long,2,tdec_30_70,pooled,259,129,-404.8335614353369,41.32298416988417,-408.5105772654528,-453.5105772654528,155.6353516194873,-609.1481362397814,0.3281853281853282,tdecay_cell
long,2,tdec_30_70,e2122,19,18,-833.1873047495103,-8.44666842105263,-886.6339731705631,-931.633973170563,370.16162527656695,-1177.4227675698558,0.21052631578947367,tdecay_cell
long,2,tdec_30_70,e2324,90,50,-256.73870615917514,7.003481111111112,-294.7352250480639,-339.73522504806397,238.42825608098977,-523.7434643377401,0.3,tdecay_cell
long,2,tdec_30_70,e2526,150,61,-439.43233378123864,68.21884200000001,-416.21349178123876,-461.21349178123876,235.17432642032213,-575.1437026389109,0.36,tdecay_cell
long,2,tdec_30_70,pre2025,109,68,-357.22057196849954,4.310335779816514,-397.910236188683,-442.91023618868303,211.4595499544618,-671.6552508550094,0.28440366972477066,tdecay_cell
long,2,tdec_30_70,post2025,150,61,-439.43233378123864,68.21884200000001,-416.21349178123876,-461.21349178123876,224.15112577086174,-575.1437026389109,0.36,tdecay_cell
long,2,tdec_ge70,pooled,270,139,39.66473389593926,64.86997777777778,59.53471167371703,14.53471167371705,187.53928406902446,-294.7140825800696,0.4111111111111111,tdecay_cell
long,2,tdec_ge70,e2122,27,21,-217.72656699130405,34.093733333333326,-228.63283365797068,-273.63283365797076,498.59451049049795,-847.1684259730124,0.4074074074074074,tdecay_cell
long,2,tdec_ge70,e2324,102,56,-47.95999979240635,39.73034117647059,-53.229658615935705,-98.2296586159358,285.999066523455,-608.1644574096163,0.3627450980392157,tdecay_cell
long,2,tdec_ge70,e2526,141,63,152.34053503187405,88.94942127659576,196.28995630846987,151.28995630846987,273.90873744368116,-131.22155322825125,0.44680851063829785,tdecay_cell
long,2,tdec_ge70,pre2025,129,77,-83.49253711310588,38.55058604651161,-89.94195106659419,-134.94195106659424,251.01886673619325,-617.0910560119494,0.37209302325581395,tdecay_cell
long,2,tdec_ge70,post2025,141,63,152.34053503187405,88.94942127659576,196.28995630846987,151.28995630846987,281.6143710543358,-131.22155322825125,0.44680851063829785,tdecay_cell
short,1,fund_neg,pooled,107,71,-417.00965438386174,-404.8746953271028,-866.8843497109647,-911.8843497109647,516.4385012974873,283.751973215299,0.5607476635514018,fund_cell
short,1,fund_neg,e2122,9,7,166.08008158218462,-193.05815555555554,-71.9780739733708,-116.9780739733709,1077.204420901765,170.37919737919853,0.5555555555555556,fund_cell
short,1,fund_neg,e2324,37,28,-322.68620228490323,-352.15677297297293,-719.8429752578761,-764.8429752578761,609.7853463663691,361.43601965317856,0.5675675675675675,fund_cell
short,1,fund_neg,e2526,61,36,-560.2518732585487,-468.1027606557377,-1073.3546339142863,-1118.3546339142863,796.7894695811005,283.751973215299,0.5573770491803278,fund_cell
short,1,fund_neg,pre2025,46,35,-227.0580163109077,-321.0287826086957,-593.0867989196033,-638.0867989196034,534.5279806432834,265.9076085161886,0.5652173913043478,fund_cell
short,1,fund_neg,post2025,61,36,-560.2518732585487,-468.1027606557377,-1073.3546339142863,-1118.3546339142863,801.7890407514789,283.751973215299,0.5573770491803278,fund_cell
short,1,fund_flat,pooled,385,162,242.83673146521915,-31.762757402597398,166.0739740626217,121.07397406262172,167.59385157791837,563.5781779446025,0.6441558441558441,fund_cell
short,1,fund_flat,e2122,38,32,412.6835202083054,-12.412260526315785,355.27125968198953,310.2712596819894,383.1900929262744,864.7176791244739,0.6578947368421053,fund_cell
short,1,fund_flat,e2324,149,66,239.1776094343967,9.004637583892618,203.1822470182893,158.18224701828927,240.6298988545684,493.88221492257156,0.6308724832214765,fund_cell
short,1,fund_flat,e2526,198,65,212.99345474984173,-66.15498333333332,101.83847141650838,56.83847141650841,264.58636535094905,530.2461297944934,0.6515151515151515,fund_cell
short,1,fund_flat,pre2025,187,98,274.435495046207,4.65254064171123,234.08803568791825,189.08803568791814,201.54473443269194,570.6339895540376,0.6363636363636364,fund_cell
short,1,fund_flat,post2025,198,65,212.99345474984173,-66.15498333333332,101.83847141650838,56.83847141650841,255.87447906665835,530.2461297944934,0.6515151515151515,fund_cell
short,1,fund_pos,pooled,103,63,139.3920523684647,97.90513883495146,192.2971912034161,147.29719120341622,339.90484054671305,672.705162719518,0.6699029126213593,fund_cell
short,1,fund_pos,e2122,5,5,1531.4010790447517,149.01418,1635.4152590447518,1590.4152590447516,330.82541128934906,1172.4212137788327,1.0,fund_cell
short,1,fund_pos,e2324,44,27,259.179097463567,91.6155340909091,305.79463155447615,260.7946315544761,357.9176800039928,515.3582312869265,0.6590909090909091,fund_cell
short,1,fund_pos,e2526,54,31,-87.10193129016388,98.29768333333334,-33.80424795683049,-78.80424795683062,569.0957156339936,567.6120911420251,0.6481481481481481,fund_cell
short,1,fund_pos,pre2025,49,32,388.9976670126675,97.4725387755102,441.4702057881777,396.4702057881777,333.9002295295221,686.475619014177,0.6938775510204082,fund_cell
short,1,fund_pos,post2025,54,31,-87.10193129016388,98.29768333333334,-33.80424795683049,-78.80424795683062,564.5427796558562,567.6120911420251,0.6481481481481481,fund_cell
short,1,fund_none,pooled,64,6,-85.79505665372476,2.74065,-128.05440665372475,-173.05440665372478,177.2126006145436,-142.08188979672227,0.453125,fund_cell
short,1,fund_none,e2122,0,,,,,,,,,fund_cell
short,1,fund_none,e2324,0,,,,,,,,,fund_cell
short,1,fund_none,e2526,64,6,-85.79505665372476,2.74065,-128.05440665372475,-173.05440665372478,177.2095756741658,-142.08188979672227,0.453125,fund_cell
short,1,fund_none,pre2025,0,,,,,,,,,fund_cell
short,1,fund_none,post2025,64,6,-85.79505665372476,2.74065,-128.05440665372475,-173.05440665372478,177.72881943014116,-142.08188979672227,0.453125,fund_cell
short,2,fund_neg,pooled,75,58,-454.9413525559974,-337.28819466666675,-837.229547222664,-882.2295472226641,612.737060311083,434.2474602584697,0.5733333333333334,fund_cell
short,2,fund_neg,e2122,6,6,1065.5505388188274,-163.73398333333333,856.816555485494,811.816555485494,560.6415479250486,1138.4335890939242,0.6666666666666666,fund_cell
short,2,fund_neg,e2324,26,20,-15.651994646953293,-322.46626153846154,-383.1182561854149,-428.11825618541496,473.90233656983304,272.1540678987363,0.5384615384615384,fund_cell
short,2,fund_neg,e2526,43,32,-932.7198328788837,-370.4671604651163,-1348.1869933439996,-1393.1869933439998,982.7828484708282,434.2474602584697,0.5813953488372093,fund_cell
short,2,fund_neg,pre2025,32,26,187.07348037788057,-292.703959375,-150.63047899711944,-195.63047899711944,402.3710057268885,463.74100892437724,0.5625,fund_cell
short,2,fund_neg,post2025,43,32,-932.7198328788837,-370.4671604651163,-1348.1869933439996,-1393.1869933439998,982.4339111694029,434.2474602584697,0.5813953488372093,fund_cell
short,2,fund_flat,pooled,446,167,143.2575302413352,-39.67104663677131,58.58648360456393,13.586483604563899,156.10707041423376,398.5323566587569,0.5986547085201793,fund_cell
short,2,fund_flat,e2122,41,33,184.4810006496226,-6.280295121951216,133.20070552767135,88.20070552767147,358.71586355279635,601.4036446408257,0.5609756097560976,fund_cell
short,2,fund_flat,e2324,169,70,-18.381696236457262,3.1331940828402387,-60.24850215361702,-105.24850215361705,231.4568698302001,324.94901801272636,0.6153846153846154,fund_cell
short,2,fund_flat,e2526,236,65,251.84594968204348,-76.1241716101695,130.72177807187398,85.7217780718739,223.92368926034766,466.0851429185732,0.5932203389830508,fund_cell
short,2,fund_flat,pre2025,210,103,21.224830298444093,1.2953223809523815,-22.479847320603554,-67.47984732060365,198.2050743520495,349.24237130170485,0.6047619047619047,fund_cell
short,2,fund_flat,post2025,236,65,251.84594968204348,-76.1241716101695,130.72177807187398,85.7217780718739,224.11884233410356,466.0851429185732,0.5932203389830508,fund_cell
short,2,fund_pos,pooled,79,59,630.2187689009382,87.99580759493671,673.2145764958748,628.2145764958748,252.3932955223089,716.1852020625366,0.6708860759493671,fund_cell
short,2,fund_pos,e2122,5,5,1110.6750337734886,92.20735999999998,1157.8823937734883,1112.882393773488,352.68865577294383,1191.0748385686306,1.0,fund_cell
short,2,fund_pos,e2324,35,25,909.291110180653,85.71641714285715,950.0075273235101,905.0075273235102,262.0031410341096,1028.5638984106065,0.7428571428571429,fund_cell
short,2,fund_pos,e2526,39,29,318.17227482009804,89.50147179487179,362.67374661496973,317.6737466149697,437.32759723560554,91.29555615072043,0.5641025641025641,fund_cell
short,2,fund_pos,pre2025,40,30,934.4641006297572,86.527785,975.9918856297573,930.9918856297575,229.3006156973138,1070.7927572247445,0.775,fund_cell
short,2,fund_pos,post2025,39,29,318.17227482009804,89.50147179487179,362.67374661496973,317.6737466149697,439.7247343314042,91.29555615072043,0.5641025641025641,fund_cell
short,2,fund_none,pooled,59,6,-15.792448867557074,2.6121728813559324,-58.18027598620113,-103.18027598620114,176.35052176547757,-78.63057252747384,0.4576271186440678,fund_cell
short,2,fund_none,e2122,0,,,,,,,,,fund_cell
short,2,fund_none,e2324,0,,,,,,,,,fund_cell
short,2,fund_none,e2526,59,6,-15.792448867557074,2.6121728813559324,-58.18027598620113,-103.18027598620114,176.32023408454748,-78.63057252747384,0.4576271186440678,fund_cell
short,2,fund_none,pre2025,0,,,,,,,,,fund_cell
short,2,fund_none,post2025,59,6,-15.792448867557074,2.6121728813559324,-58.18027598620113,-103.18027598620114,174.3824302108906,-78.63057252747384,0.4576271186440678,fund_cell
long,1,fund_neg,pooled,107,71,417.00965438386174,404.8746953271028,776.8843497109647,731.8843497109648,517.6968930819049,-373.75197321529896,0.3925233644859813,fund_cell
long,1,fund_neg,e2122,9,7,-166.08008158218462,193.05815555555554,-18.021926026629153,-63.021926026629174,1108.9308605354179,-260.37919737919856,0.4444444444444444,fund_cell
long,1,fund_neg,e2324,37,28,322.68620228490323,352.15677297297293,629.8429752578763,584.8429752578761,614.3017874575712,-451.4360196531785,0.3783783783783784,fund_cell
long,1,fund_neg,e2526,61,36,560.2518732585487,468.1027606557377,983.3546339142865,938.3546339142865,817.2981694998605,-373.75197321529896,0.39344262295081966,fund_cell
long,1,fund_neg,pre2025,46,35,227.0580163109077,321.0287826086957,503.0867989196035,458.0867989196034,550.2333321751873,-355.90760851618853,0.391304347826087,fund_cell
long,1,fund_neg,post2025,61,36,560.2518732585487,468.1027606557377,983.3546339142865,938.3546339142865,789.8855715295741,-373.75197321529896,0.39344262295081966,fund_cell
long,1,fund_flat,pooled,385,162,-242.83673146521915,31.762757402597398,-256.07397406262174,-301.07397406262174,161.70498808422212,-653.5781779446024,0.34025974025974026,fund_cell
long,1,fund_flat,e2122,38,32,-412.6835202083054,12.412260526315785,-445.2712596819895,-490.2712596819896,390.4950928271095,-954.717679124474,0.3157894736842105,fund_cell
long,1,fund_flat,e2324,149,66,-239.1776094343967,-9.004637583892618,-293.18224701828933,-338.1822470182893,235.6528305202147,-583.8822149225715,0.348993288590604,fund_cell
long,1,fund_flat,e2526,198,65,-212.99345474984173,66.15498333333332,-191.83847141650838,-236.83847141650844,256.83825516802597,-620.2461297944934,0.3383838383838384,fund_cell
long,1,fund_flat,pre2025,187,98,-274.435495046207,-4.65254064171123,-324.08803568791825,-369.08803568791814,199.64141453153152,-660.6339895540376,0.3422459893048128,fund_cell
long,1,fund_flat,post2025,198,65,-212.99345474984173,66.15498333333332,-191.83847141650838,-236.83847141650844,254.5460813558073,-620.2461297944934,0.3383838383838384,fund_cell
long,1,fund_pos,pooled,103,63,-139.3920523684647,-97.90513883495146,-282.2971912034162,-327.29719120341616,335.7844568740687,-762.7051627195181,0.3106796116504854,fund_cell
long,1,fund_pos,e2122,5,5,-1531.4010790447517,-149.01418,-1725.4152590447518,-1770.4152590447516,337.03867497053176,-1262.4212137788327,0.0,fund_cell
long,1,fund_pos,e2324,44,27,-259.179097463567,-91.6155340909091,-395.7946315544761,-440.7946315544761,359.8492399213345,-605.3582312869264,0.3181818181818182,fund_cell
long,1,fund_pos,e2526,54,31,87.10193129016388,-98.29768333333334,-56.195752043169406,-101.1957520431694,563.5232084303974,-657.6120911420251,0.3333333333333333,fund_cell
long,1,fund_pos,pre2025,49,32,-388.9976670126675,-97.4725387755102,-531.4702057881776,-576.4702057881777,335.87690306829967,-776.475619014177,0.2857142857142857,fund_cell
long,1,fund_pos,post2025,54,31,87.10193129016388,-98.29768333333334,-56.195752043169406,-101.1957520431694,557.8562085341234,-657.6120911420251,0.3333333333333333,fund_cell
long,1,fund_none,pooled,64,6,85.79505665372476,-2.74065,38.054406653724726,-6.9455933462752615,174.55118454301072,52.08188979672228,0.53125,fund_cell
long,1,fund_none,e2122,0,,,,,,,,,fund_cell
long,1,fund_none,e2324,0,,,,,,,,,fund_cell
long,1,fund_none,e2526,64,6,85.79505665372476,-2.74065,38.054406653724726,-6.9455933462752615,178.0822713416804,52.08188979672228,0.53125,fund_cell
long,1,fund_none,pre2025,0,,,,,,,,,fund_cell
long,1,fund_none,post2025,64,6,85.79505665372476,-2.74065,38.054406653724726,-6.9455933462752615,176.3782405334181,52.08188979672228,0.53125,fund_cell
long,2,fund_neg,pooled,75,58,454.9413525559974,337.28819466666675,747.2295472226639,702.2295472226639,603.986998077612,-524.2474602584697,0.36,fund_cell
long,2,fund_neg,e2122,6,6,-1065.5505388188274,163.73398333333333,-946.8165554854941,-991.8165554854941,562.6237372015631,-1228.4335890939244,0.16666666666666666,fund_cell
long,2,fund_neg,e2324,26,20,15.651994646953293,322.46626153846154,293.1182561854149,248.11825618541485,456.83991233617945,-362.1540678987363,0.38461538461538464,fund_cell
long,2,fund_neg,e2526,43,32,932.7198328788837,370.4671604651163,1258.1869933439998,1213.1869933439996,990.3812673253701,-524.2474602584697,0.37209302325581395,fund_cell
long,2,fund_neg,pre2025,32,26,-187.07348037788057,292.703959375,60.630478997119425,15.630478997119452,387.98111514754174,-553.7410089243772,0.34375,fund_cell
long,2,fund_neg,post2025,43,32,932.7198328788837,370.4671604651163,1258.1869933439998,1213.1869933439996,990.5904637618798,-524.2474602584697,0.37209302325581395,fund_cell
long,2,fund_flat,pooled,446,167,-143.2575302413352,39.67104663677131,-148.58648360456394,-193.5864836045639,151.45992084596207,-488.53235665875684,0.36995515695067266,fund_cell
long,2,fund_flat,e2122,41,33,-184.4810006496226,6.280295121951216,-223.20070552767146,-268.20070552767146,362.86908172821757,-691.4036446408257,0.4146341463414634,fund_cell
long,2,fund_flat,e2324,169,70,18.381696236457262,-3.1331940828402387,-29.75149784638298,-74.751497846383,233.42478330613713,-414.9490180127263,0.3431952662721893,fund_cell
long,2,fund_flat,e2526,236,65,-251.84594968204348,76.1241716101695,-220.72177807187396,-265.721778071874,228.48922631363334,-556.0851429185732,0.3813559322033898,fund_cell
long,2,fund_flat,pre2025,210,103,-21.224830298444093,-1.2953223809523815,-67.52015267939645,-112.52015267939642,199.40146940510556,-439.2423713017048,0.35714285714285715,fund_cell
long,2,fund_flat,post2025,236,65,-251.84594968204348,76.1241716101695,-220.72177807187396,-265.721778071874,231.68236777745722,-556.0851429185732,0.3813559322033898,fund_cell
long,2,fund_pos,pooled,79,59,-630.2187689009382,-87.99580759493671,-763.2145764958749,-808.2145764958749,253.7477354583237,-806.1852020625366,0.2911392405063291,fund_cell
long,2,fund_pos,e2122,5,5,-1110.6750337734886,-92.20735999999998,-1247.8823937734885,-1292.8823937734885,342.258432019397,-1281.0748385686306,0.0,fund_cell
long,2,fund_pos,e2324,35,25,-909.291110180653,-85.71641714285715,-1040.00752732351,-1085.00752732351,256.8701061675093,-1118.5638984106065,0.22857142857142856,fund_cell
long,2,fund_pos,e2526,39,29,-318.17227482009804,-89.50147179487179,-452.6737466149696,-497.6737466149698,431.6510539516634,-181.29555615072044,0.38461538461538464,fund_cell
long,2,fund_pos,pre2025,40,30,-934.4641006297572,-86.527785,-1065.9918856297575,-1110.9918856297575,235.68258390514788,-1160.7927572247447,0.2,fund_cell
long,2,fund_pos,post2025,39,29,-318.17227482009804,-89.50147179487179,-452.6737466149696,-497.6737466149698,438.08852227356704,-181.29555615072044,0.38461538461538464,fund_cell
long,2,fund_none,pooled,59,6,15.792448867557074,-2.6121728813559324,-31.819724013798858,-76.81972401379885,181.3486236547872,-11.36942747252614,0.4915254237288136,fund_cell
long,2,fund_none,e2122,0,,,,,,,,,fund_cell
long,2,fund_none,e2324,0,,,,,,,,,fund_cell
long,2,fund_none,e2526,59,6,15.792448867557074,-2.6121728813559324,-31.819724013798858,-76.81972401379885,169.62951665254604,-11.36942747252614,0.4915254237288136,fund_cell
long,2,fund_none,pre2025,0,,,,,,,,,fund_cell
long,2,fund_none,post2025,59,6,15.792448867557074,-2.6121728813559324,-31.819724013798858,-76.81972401379885,178.13866372041062,-11.36942747252614,0.4915254237288136,fund_cell
short,1,crowd_01,pooled,129,97,338.5870508472396,-61.93683255813954,231.6502182891001,186.65021828909997,241.104737248538,750.5814380142142,0.6201550387596899,crowd_cell
short,1,crowd_01,e2122,49,38,323.23548719491345,-25.336063265306123,252.89942392960728,207.89942392960725,335.74758857180063,853.5090351786959,0.6530612244897959,crowd_cell
short,1,crowd_01,e2324,56,41,240.09281709651304,-85.52618035714285,109.5666367393702,64.56663673937018,334.08357861097977,415.46001149395136,0.5714285714285714,crowd_cell
short,1,crowd_01,e2526,24,18,599.7497053891007,-81.62159166666667,473.12811372243385,428.1281137224339,728.2935233715726,1151.9799634286535,0.6666666666666666,crowd_cell
short,1,crowd_01,pre2025,105,79,278.89272980909993,-57.43745904761904,176.45527076148085,131.45527076148082,238.6405299892516,686.475619014177,0.6095238095238096,crowd_cell
short,1,crowd_01,post2025,24,18,599.7497053891007,-81.62159166666667,473.12811372243385,428.1281137224339,709.5483049165468,1151.9799634286535,0.6666666666666666,crowd_cell
short,1,crowd_24,pooled,236,96,19.606914111162826,-111.31996271186439,-136.7130486007016,-181.71304860070148,291.9205211462902,497.5279110817975,0.6398305084745762,crowd_cell
short,1,crowd_24,e2122,3,2,2998.387008276088,-74.2171,2879.1699082760883,2834.169908276088,740.6204432944651,2777.715367097968,1.0,crowd_cell
short,1,crowd_24,e2324,119,54,251.15287027864153,-16.160612605042015,189.9922576735996,144.99225767359954,218.70892397152477,489.5480607389904,0.6386554621848739,crowd_cell
short,1,crowd_24,e2526,114,41,-300.4835162960718,-211.62935964912282,-557.1128759451946,-602.1128759451944,546.4355817047217,479.60623871813686,0.631578947368421,crowd_cell
short,1,crowd_24,pre2025,122,56,318.7078080982509,-17.58823114754098,256.11957695070987,211.1195769507098,221.40351041554,525.978007461286,0.6475409836065574,crowd_cell
short,1,crowd_24,post2025,114,41,-300.4835162960718,-211.62935964912282,-557.1128759451946,-602.1128759451944,523.5228692697647,479.60623871813686,0.631578947368421,crowd_cell
short,1,crowd_ge5,pooled,294,58,32.08722814156904,-37.51449149659864,-50.427263355029645,-95.42726335502962,241.50193055545395,269.3898566018179,0.5952380952380952,crowd_cell
short,1,crowd_ge5,e2122,0,,,,,,,,,crowd_cell
short,1,crowd_ge5,e2324,55,15,-149.64426747240793,-17.17176545454545,-211.8160329269534,-256.8160329269534,636.2608412027131,541.1684018348625,0.6545454545454545,crowd_cell
short,1,crowd_ge5,e2526,239,43,73.90828361758882,-42.19587196652719,-13.28758834893833,-58.28758834893844,265.13332032905765,189.8927638036822,0.5815899581589958,crowd_cell
short,1,crowd_ge5,pre2025,55,15,-149.64426747240793,-17.17176545454545,-211.8160329269534,-256.8160329269534,649.1631370936866,541.1684018348625,0.6545454545454545,crowd_cell
short,1,crowd_ge5,post2025,239,43,73.90828361758882,-42.19587196652719,-13.28758834893833,-58.28758834893844,264.7661727564323,189.8927638036822,0.5815899581589958,crowd_cell
short,2,crowd_01,pooled,129,97,268.16565284154444,-45.70612635658915,177.4595264849553,132.45952648495523,235.6646198015192,644.4196181328545,0.6434108527131783,crowd_cell
short,2,crowd_01,e2122,49,38,335.92302369683466,-11.336565306122447,279.5864583907124,234.58645839071227,310.4624022072917,644.4196181328545,0.6122448979591837,crowd_cell
short,2,crowd_01,e2324,56,41,237.42646476697874,-60.389541071428575,132.03692369555023,87.03692369555019,332.978452684064,609.5843918923755,0.6785714285714286,crowd_cell
short,2,crowd_01,e2526,24,18,201.55245951931354,-81.6160125,74.9364470193134,29.93644701931327,773.5238789694683,673.9515140403623,0.625,crowd_cell
short,2,crowd_01,pre2025,105,79,283.3915256009115,-37.498152380952384,200.8933732199592,155.89337321995913,226.2561738903249,644.4196181328545,0.6476190476190476,crowd_cell
short,2,crowd_01,post2025,24,18,201.55245951931354,-81.6160125,74.9364470193134,29.93644701931327,744.9588572414201,673.9515140403623,0.625,crowd_cell
short,2,crowd_24,pooled,236,96,-101.1831578983448,-91.95161483050846,-238.13477272885322,-283.13477272885325,246.08286160529937,388.15489410454666,0.6059322033898306,crowd_cell
short,2,crowd_24,e2122,3,2,1016.7237557566776,-74.45583333333335,897.2679224233442,852.2679224233443,59.38312171219264,1010.7125612046971,0.6666666666666666,crowd_cell
short,2,crowd_24,e2324,119,54,124.83147396441699,-4.255838655462184,75.57563530895477,30.57563530895481,196.30541037963246,359.1615494040282,0.6218487394957983,crowd_cell
short,2,crowd_24,e2526,114,41,-366.5293152021492,-183.95411228070176,-595.483427482851,-640.4834274828512,461.5426707409167,397.1306326074487,0.5877192982456141,crowd_cell
short,2,crowd_24,pre2025,122,56,146.76325138553813,-5.982068032786884,95.7811833527512,50.781183352751285,192.1433457597934,370.63758745062825,0.6229508196721312,crowd_cell
short,2,crowd_24,post2025,114,41,-366.5293152021492,-183.95411228070176,-595.483427482851,-640.4834274828512,463.9421799562486,397.1306326074487,0.5877192982456141,crowd_cell
short,2,crowd_ge5,pooled,294,58,230.99878011351726,-28.188581632653058,157.81019848086422,112.8101984808642,194.5418874242261,224.70138727711503,0.5578231292517006,crowd_cell
short,2,crowd_ge5,e2122,0,,,,,,,,,crowd_cell
short,2,crowd_ge5,e2324,55,15,2.925507324079323,-17.56871454545455,-59.64320722137522,-104.64320722137522,550.5858392694115,321.2583188414484,0.5818181818181818,crowd_cell
short,2,crowd_ge5,e2526,239,43,283.4842612993711,-30.63248410041841,207.85177719895287,162.85177719895273,204.4084744907185,154.09988315629644,0.5523012552301255,crowd_cell
short,2,crowd_ge5,pre2025,55,15,2.925507324079323,-17.56871454545455,-59.64320722137522,-104.64320722137522,554.1793611520204,321.2583188414484,0.5818181818181818,crowd_cell
short,2,crowd_ge5,post2025,239,43,283.4842612993711,-30.63248410041841,207.85177719895287,162.85177719895273,201.89824633208426,154.09988315629644,0.5523012552301255,crowd_cell
long,1,crowd_01,pooled,129,97,-338.5870508472396,61.93683255813954,-321.65021828909994,-366.65021828909994,242.8512508548658,-840.5814380142143,0.3643410852713178,crowd_cell
long,1,crowd_01,e2122,49,38,-323.23548719491345,25.336063265306123,-342.8994239296074,-387.8994239296073,340.46054486450106,-943.509035178696,0.32653061224489793,crowd_cell
long,1,crowd_01,e2324,56,41,-240.09281709651304,85.52618035714285,-199.5666367393702,-244.56663673937027,338.7451104164006,-505.4600114939513,0.4107142857142857,crowd_cell
long,1,crowd_01,e2526,24,18,-599.7497053891007,81.62159166666667,-563.1281137224339,-608.1281137224339,710.7457097268855,-1241.9799634286535,0.3333333333333333,crowd_cell
long,1,crowd_01,pre2025,105,79,-278.89272980909993,57.43745904761904,-266.4552707614808,-311.4552707614809,243.3688614378815,-776.475619014177,0.37142857142857144,crowd_cell
long,1,crowd_01,post2025,24,18,-599.7497053891007,81.62159166666667,-563.1281137224339,-608.1281137224339,720.2001156245619,-1241.9799634286535,0.3333333333333333,crowd_cell
long,1,crowd_24,pooled,236,96,-19.606914111162826,111.31996271186439,46.71304860070161,1.7130486007015864,287.7976508825956,-587.5279110817975,0.3305084745762712,crowd_cell
long,1,crowd_24,e2122,3,2,-2998.387008276088,74.2171,-2969.169908276088,-3014.169908276088,737.5653184853395,-2867.715367097968,0.0,crowd_cell
long,1,crowd_24,e2324,119,54,-251.15287027864153,16.160612605042015,-279.9922576735995,-324.9922576735995,219.10473354288328,-579.5480607389903,0.3277310924369748,crowd_cell
long,1,crowd_24,e2526,114,41,300.4835162960718,211.62935964912282,467.11287594519456,422.11287594519456,541.4742473889438,-569.6062387181368,0.34210526315789475,crowd_cell
long,1,crowd_24,pre2025,122,56,-318.7078080982509,17.58823114754098,-346.1195769507099,-391.11957695071004,223.1798837353158,-615.978007461286,0.319672131147541,crowd_cell
long,1,crowd_24,post2025,114,41,300.4835162960718,211.62935964912282,467.11287594519456,422.11287594519456,541.3387931975021,-569.6062387181368,0.34210526315789475,crowd_cell
long,1,crowd_ge5,pooled,294,58,-32.08722814156904,37.51449149659864,-39.572736644970355,-84.5727366449703,250.0753541258622,-359.3898566018179,0.3877551020408163,crowd_cell
long,1,crowd_ge5,e2122,0,,,,,,,,,crowd_cell
long,1,crowd_ge5,e2324,55,15,149.64426747240793,17.17176545454545,121.81603292695351,76.81603292695338,630.7216866273734,-631.1684018348625,0.32727272727272727,crowd_cell
long,1,crowd_ge5,e2526,239,43,-73.90828361758882,42.19587196652719,-76.71241165106154,-121.71241165106154,259.9500348479228,-279.8927638036822,0.401673640167364,crowd_cell
long,1,crowd_ge5,pre2025,55,15,149.64426747240793,17.17176545454545,121.81603292695351,76.81603292695338,639.291413799987,-631.1684018348625,0.32727272727272727,crowd_cell
long,1,crowd_ge5,post2025,239,43,-73.90828361758882,42.19587196652719,-76.71241165106154,-121.71241165106154,267.77495065928923,-279.8927638036822,0.401673640167364,crowd_cell
long,2,crowd_01,pooled,129,97,-268.16565284154444,45.70612635658915,-267.4595264849553,-312.45952648495535,235.25386081430804,-734.4196181328546,0.3333333333333333,crowd_cell
long,2,crowd_01,e2122,49,38,-335.92302369683466,11.336565306122447,-369.5864583907122,-414.5864583907123,314.3060573478316,-734.4196181328546,0.3469387755102041,crowd_cell
long,2,crowd_01,e2324,56,41,-237.42646476697874,60.389541071428575,-222.03692369555023,-267.03692369555023,341.20795765852716,-699.5843918923754,0.32142857142857145,crowd_cell
long,2,crowd_01,e2526,24,18,-201.55245951931354,81.6160125,-164.9364470193134,-209.93644701931342,746.864705693825,-763.9515140403624,0.3333333333333333,crowd_cell
long,2,crowd_01,pre2025,105,79,-283.3915256009115,37.498152380952384,-290.89337321995913,-335.8933732199592,232.61408507690868,-734.4196181328546,0.3333333333333333,crowd_cell
long,2,crowd_01,post2025,24,18,-201.55245951931354,81.6160125,-164.9364470193134,-209.93644701931342,750.2903013783367,-763.9515140403624,0.3333333333333333,crowd_cell
long,2,crowd_24,pooled,236,96,101.1831578983448,91.95161483050846,148.13477272885325,103.13477272885325,247.35658045377542,-478.1548941045466,0.3559322033898305,crowd_cell
long,2,crowd_24,e2122,3,2,-1016.7237557566776,74.45583333333335,-987.2679224233442,-1032.2679224233443,62.799642234653824,-1100.712561204697,0.3333333333333333,crowd_cell
long,2,crowd_24,e2324,119,54,-124.83147396441699,4.255838655462184,-165.57563530895482,-210.57563530895484,197.39610138133673,-449.16154940402816,0.3277310924369748,crowd_cell
long,2,crowd_24,e2526,114,41,366.5293152021492,183.95411228070176,505.4834274828511,460.48342748285097,468.161334703421,-487.13063260744866,0.38596491228070173,crowd_cell
long,2,crowd_24,pre2025,122,56,-146.76325138553813,5.982068032786884,-185.78118335275133,-230.7811833527513,193.83373778069574,-460.6375874506282,0.32786885245901637,crowd_cell
long,2,crowd_24,post2025,114,41,366.5293152021492,183.95411228070176,505.4834274828511,460.48342748285097,455.6876239227943,-487.13063260744866,0.38596491228070173,crowd_cell
long,2,crowd_ge5,pooled,294,58,-230.99878011351726,28.188581632653058,-247.8101984808642,-292.8101984808642,193.52276967095247,-314.70138727711503,0.3979591836734694,crowd_cell
long,2,crowd_ge5,e2122,0,,,,,,,,,crowd_cell
long,2,crowd_ge5,e2324,55,15,-2.925507324079323,17.56871454545455,-30.356792778624808,-75.35679277862481,559.6158620816359,-411.25831884144833,0.34545454545454546,crowd_cell
long,2,crowd_ge5,e2526,239,43,-283.4842612993711,30.63248410041841,-297.85177719895273,-342.85177719895273,200.88198142607567,-244.09988315629644,0.4100418410041841,crowd_cell
long,2,crowd_ge5,pre2025,55,15,-2.925507324079323,17.56871454545455,-30.356792778624808,-75.35679277862481,557.4278669459142,-411.25831884144833,0.34545454545454546,crowd_cell
long,2,crowd_ge5,post2025,239,43,-283.4842612993711,30.63248410041841,-297.85177719895273,-342.85177719895273,195.80902862053713,-244.09988315629644,0.4100418410041841,crowd_cell
short,1,btc_down,pooled,301,93,-39.621004013148465,-89.0938222591362,-173.71482627228465,-218.7148262722847,245.58741815613328,256.6548707903782,0.6013289036544851,btc_cell
short,1,btc_down,e2122,32,24,766.1981410937462,-48.269028125000006,672.9291129687464,627.9291129687464,435.12234048768084,864.7176791244739,0.71875,btc_cell
short,1,btc_down,e2324,61,25,306.5639387861668,-32.484531147540984,229.07940763862575,184.07940763862572,382.0486822223266,530.5601724355737,0.6557377049180327,btc_cell
short,1,btc_down,e2526,208,45,-265.1185720620854,-111.97632307692308,-422.09489513900843,-467.09489513900854,334.25692466314104,166.1305199779778,0.5673076923076923,btc_cell
short,1,btc_down,pre2025,93,49,464.7176428059791,-37.915755913978494,381.8018868920006,336.8018868920005,284.9959847539082,789.0512015753943,0.6774193548387096,btc_cell
short,1,btc_down,post2025,208,45,-265.1185720620854,-111.97632307692308,-422.09489513900843,-467.09489513900854,341.5959948859451,166.1305199779778,0.5673076923076923,btc_cell
short,1,btc_up,pooled,358,118,194.59365522655676,-51.60162737430168,97.99202785225508,52.99202785225507,194.13258538819332,528.2393627363579,0.6284916201117319,btc_cell
short,1,btc_up,e2122,20,16,15.767969118956914,4.024525000000001,-25.207505881043208,-70.20750588104299,536.6476935106506,984.0384048594253,0.6,btc_cell
short,1,btc_up,e2324,169,61,97.05061741789629,-33.58266094674557,18.467956471150696,-26.532043528849368,239.04949340022412,473.43104847258775,0.6153846153846154,btc_cell
short,1,btc_up,e2526,169,41,313.29949612487405,-76.20357041420117,192.09592571067296,147.09592571067284,322.4989028176388,563.5781779446025,0.6449704142011834,btc_cell
short,1,btc_up,pre2025,189,77,88.44927897356403,-29.60306455026454,13.846214423299536,-31.153785576700546,218.21733098985916,493.88221492257156,0.6137566137566137,btc_cell
short,1,btc_up,post2025,169,41,313.29949612487405,-76.20357041420117,192.09592571067296,147.09592571067284,318.4324265817214,563.5781779446025,0.6449704142011834,btc_cell
short,1,btc_none,pooled,0,,,,,,,,,btc_cell
short,1,btc_none,e2122,0,,,,,,,,,btc_cell
short,1,btc_none,e2324,0,,,,,,,,,btc_cell
short,1,btc_none,e2526,0,,,,,,,,,btc_cell
short,1,btc_none,pre2025,0,,,,,,,,,btc_cell
short,1,btc_none,post2025,0,,,,,,,,,btc_cell
short,2,btc_down,pooled,315,104,107.78927807294573,-65.3722473015873,-2.5829692286415953,-47.58296922864157,151.8521913967882,339.3231931993814,0.5777777777777777,btc_cell
short,2,btc_down,e2122,35,26,470.3131605293192,-27.93085714285714,397.3823033864621,352.382303386462,390.3310085416612,675.2446878750171,0.6,btc_cell
short,2,btc_down,e2324,71,31,146.64040342750752,-9.113118309859152,92.5272851176484,47.527285117648375,298.8080724465776,449.73878784956565,0.6197183098591549,btc_cell
short,2,btc_down,e2526,209,47,33.881307804299965,-90.7542894736842,-101.87298166938417,-146.87298166938427,193.55125713760881,154.09988315629644,0.5598086124401914,btc_cell
short,2,btc_down,pre2025,106,57,253.513483602634,-15.326522641509435,193.18696096112458,148.18696096112456,238.03539454022555,577.0484133934511,0.6132075471698113,btc_cell
short,2,btc_down,post2025,209,47,33.881307804299965,-90.7542894736842,-101.87298166938417,-146.87298166938427,193.5233521337723,154.09988315629644,0.5598086124401914,btc_cell
short,2,btc_up,pooled,344,112,129.86675207251753,-44.453071220930234,40.413680851587344,-4.5863191484126995,197.55465245724906,392.6009432140549,0.6046511627906976,btc_cell
short,2,btc_up,e2122,17,14,179.3787535228684,11.689458823529414,146.06821234639787,101.06821234639781,441.64962174875143,551.3352996087314,0.6470588235294118,btc_cell
short,2,btc_up,e2324,159,57,112.58026218986016,-26.462308176100628,41.117954013759515,-3.8820459862405174,227.91429524939582,382.11362549722827,0.6289308176100629,btc_cell
short,2,btc_up,e2526,168,42,141.21703699327097,-67.16113273809525,29.05590425517571,-15.94409574482425,335.86657975852614,399.91485295293074,0.5773809523809523,btc_cell
short,2,btc_up,pre2025,176,71,119.03238919361665,-22.777194318181824,51.25519487543479,6.25519487543479,209.7514035010517,387.3967276875907,0.6306818181818182,btc_cell
short,2,btc_up,post2025,168,42,141.21703699327097,-67.16113273809525,29.05590425517571,-15.94409574482425,351.671057170231,399.91485295293074,0.5773809523809523,btc_cell
short,2,btc_none,pooled,0,,,,,,,,,btc_cell
short,2,btc_none,e2122,0,,,,,,,,,btc_cell
short,2,btc_none,e2324,0,,,,,,,,,btc_cell
short,2,btc_none,e2526,0,,,,,,,,,btc_cell
short,2,btc_none,pre2025,0,,,,,,,,,btc_cell
short,2,btc_none,post2025,0,,,,,,,,,btc_cell
long,1,btc_down,pooled,301,93,39.621004013148465,89.0938222591362,83.71482627228474,38.71482627228477,244.70180080451127,-346.6548707903782,0.3853820598006645,btc_cell
long,1,btc_down,e2122,32,24,-766.1981410937462,48.269028125000006,-762.9291129687463,-807.9291129687463,442.94271400437356,-954.717679124474,0.28125,btc_cell
long,1,btc_down,e2324,61,25,-306.5639387861668,32.484531147540984,-319.07940763862575,-364.07940763862575,384.7980722288414,-620.5601724355737,0.32786885245901637,btc_cell
long,1,btc_down,e2526,208,45,265.1185720620854,111.97632307692308,332.09489513900854,287.0948951390084,326.38539768149184,-256.13051997797777,0.4182692307692308,btc_cell
long,1,btc_down,pre2025,93,49,-464.7176428059791,37.915755913978494,-471.80188689200054,-516.8018868920007,288.53535812704916,-879.0512015753944,0.3118279569892473,btc_cell
long,1,btc_down,post2025,208,45,265.1185720620854,111.97632307692308,332.09489513900854,287.0948951390084,330.60722929887714,-256.13051997797777,0.4182692307692308,btc_cell
long,1,btc_up,pooled,358,118,-194.59365522655676,51.60162737430168,-187.99202785225506,-232.99202785225512,192.81675141984155,-618.2393627363579,0.3435754189944134,btc_cell
long,1,btc_up,e2122,20,16,-15.767969118956914,-4.024525000000001,-64.79249411895685,-109.792494118957,516.6817662965751,-1074.0384048594253,0.35,btc_cell
long,1,btc_up,e2324,169,61,-97.05061741789629,33.58266094674557,-108.46795647115066,-153.4679564711507,245.14763007850587,-563.4310484725877,0.35502958579881655,btc_cell
long,1,btc_up,e2526,169,41,-313.29949612487405,76.20357041420117,-282.0959257106729,-327.0959257106728,323.11269829677116,-653.5781779446024,0.33136094674556216,btc_cell
long,1,btc_up,pre2025,189,77,-88.44927897356403,29.60306455026454,-103.84621442329947,-148.84621442329947,227.80216434102982,-583.8822149225715,0.3544973544973545,btc_cell
long,1,btc_up,post2025,169,41,-313.29949612487405,76.20357041420117,-282.0959257106729,-327.0959257106728,325.48159931496275,-653.5781779446024,0.33136094674556216,btc_cell
long,1,btc_none,pooled,0,,,,,,,,,btc_cell
long,1,btc_none,e2122,0,,,,,,,,,btc_cell
long,1,btc_none,e2324,0,,,,,,,,,btc_cell
long,1,btc_none,e2526,0,,,,,,,,,btc_cell
long,1,btc_none,pre2025,0,,,,,,,,,btc_cell
long,1,btc_none,post2025,0,,,,,,,,,btc_cell
long,2,btc_down,pooled,315,104,-107.78927807294573,65.3722473015873,-87.41703077135841,-132.41703077135844,150.9617969356709,-429.32319319938136,0.37777777777777777,btc_cell
long,2,btc_down,e2122,35,26,-470.3131605293192,27.93085714285714,-487.38230338646207,-532.382303386462,391.36234032950784,-765.2446878750171,0.34285714285714286,btc_cell
long,2,btc_down,e2324,71,31,-146.64040342750752,9.113118309859152,-182.52728511764835,-227.52728511764846,286.9788424164948,-539.7387878495656,0.352112676056338,btc_cell
long,2,btc_down,e2526,209,47,-33.881307804299965,90.7542894736842,11.872981669384247,-33.127018330615805,197.44237276704325,-244.09988315629644,0.3923444976076555,btc_cell
long,2,btc_down,pre2025,106,57,-253.513483602634,15.326522641509435,-283.18696096112467,-328.18696096112467,234.65273697102546,-667.0484133934513,0.3490566037735849,btc_cell
long,2,btc_down,post2025,209,47,-33.881307804299965,90.7542894736842,11.872981669384247,-33.127018330615805,193.17561266747538,-244.09988315629644,0.3923444976076555,btc_cell
long,2,btc_up,pooled,344,112,-129.86675207251753,44.453071220930234,-130.41368085158734,-175.4136808515873,197.8108978262836,-482.60094321405484,0.3633720930232558,btc_cell
long,2,btc_up,e2122,17,14,-179.3787535228684,-11.689458823529414,-236.06821234639793,-281.0682123463979,447.52375800399886,-641.3352996087312,0.35294117647058826,btc_cell
long,2,btc_up,e2324,159,57,-112.58026218986016,26.462308176100628,-131.1179540137595,-176.1179540137595,226.02378725234936,-472.1136254972282,0.32075471698113206,btc_cell
long,2,btc_up,e2526,168,42,-141.21703699327097,67.16113273809525,-119.05590425517573,-164.05590425517573,344.34175772785466,-489.9148529529307,0.40476190476190477,btc_cell
long,2,btc_up,pre2025,176,71,-119.03238919361665,22.777194318181824,-141.2551948754348,-186.25519487543482,209.15120556489427,-477.39672768759067,0.32386363636363635,btc_cell
long,2,btc_up,post2025,168,42,-141.21703699327097,67.16113273809525,-119.05590425517573,-164.05590425517573,342.3451285154796,-489.9148529529307,0.40476190476190477,btc_cell
long,2,btc_none,pooled,0,,,,,,,,,btc_cell
long,2,btc_none,e2122,0,,,,,,,,,btc_cell
long,2,btc_none,e2324,0,,,,,,,,,btc_cell
long,2,btc_none,e2526,0,,,,,,,,,btc_cell
long,2,btc_none,pre2025,0,,,,,,,,,btc_cell
long,2,btc_none,post2025,0,,,,,,,,,btc_cell
