action,era,trades_kept,trades_removed,trades_downweighted,net_return,gross_return,cost_return,funding_return,max_drawdown,worst_day_return,worst_day,per_trade_net_bps,tp_rate,mean_mae,share_mae_below_10pct,removed_gross_forgone,removed_funding_saved,removed_cost_saved,removed_net_delta
baseline,full,15212,0,0,-0.3159694625379959,0.19237438773563054,-0.3714513031736264,-0.13689254709999998,-0.3873787911283084,-0.05212901624573644,2022-11-10,-0.20771066430317903,0.1525111753878517,-0.0826175767820146,0.25670523271101764,0.0,-0.0,-0.0,-0.0
baseline,early,2451,0,0,-0.03978147646088691,0.06652061740935644,-0.06030076037024334,-0.046001333500000005,-0.10236025571516383,-0.05212901624573644,2022-11-10,-0.16230712550341456,0.13219094247246022,-0.0796103209843609,0.24071807425540595,0.0,-0.0,-0.0,-0.0
baseline,late,12761,0,0,-0.276187986077109,0.12585377032627412,-0.31115054280338306,-0.09089121359999999,-0.3461811598708002,-0.03945902091344896,2024-03-01,-0.2164313032498307,0.1564140741321213,-0.08319517916114233,0.2597758796332576,0.0,-0.0,-0.0,-0.0
drop_bottom_decile,full,12893,2319,0,-0.26880632141232763,0.1745880986436336,-0.30814425345596125,-0.1352501666,-0.3536669175373762,-0.04008031753490325,2022-11-10,-0.208490127520614,0.16156053672535484,-0.0862756319862599,0.2703792755758939,0.01778628909199699,0.0016423804999999999,0.06330704971766518,0.047163141125668204
drop_bottom_decile,early,2066,385,0,-0.030504581761857143,0.06054135989946247,-0.04967370786131965,-0.041372233800000005,-0.09535496510628605,-0.04008031753490325,2022-11-10,-0.1476504441522611,0.1398838334946757,-0.08153463879046678,0.24927395934172314,0.0060261197755825955,0.0046258495,0.010627052508923691,0.009226782233341103
drop_bottom_decile,late,10827,1934,0,-0.2383017396504705,0.1140467387441711,-0.2584705455946416,-0.0938779328,-0.32774440428536455,-0.039095679301132974,2024-03-01,-0.2200995101602203,0.1656968689387642,-0.08718030474348798,0.2744065761522121,0.011760169316414406,-0.002983469,0.05267999720874149,0.03793635889232709
quintile_sizing,full,15212,0,7416,-0.28989938044572144,0.19875622446422087,-0.30622050438494236,-0.18243510052499998,-0.40118710910385724,-0.05157146670885429,2022-11-10,-0.19057282437925419,0.1525111753878517,-0.0826175767820146,0.25670523271101764,-0.006381836728590329,-0.04554255342500001,0.065230798788684,0.026070082092274353
quintile_sizing,early,2451,0,1305,-0.02352261320407509,0.07552064214703909,-0.04742243400111423,-0.05162082135,-0.08610025339730676,-0.05157146670885429,2022-11-10,-0.09597149410067357,0.13219094247246022,-0.0796103209843609,0.24071807425540595,-0.009044234781209583,-0.005727115825000001,0.012878326369129105,0.01619544532533869
quintile_sizing,late,12761,0,6111,-0.26637676724164633,0.12323558231718178,-0.2587980703838281,-0.130814279175,-0.37753747672576576,-0.045635587785135864,2023-12-23,-0.20874286281768384,0.1564140741321213,-0.08319517916114233,0.2597758796332576,0.0026623980526192664,-0.0398154376,0.05235247241955489,0.009874636766935646
skip_h1,full,2306,12906,0,0.0749451911228472,0.19085869662343313,-0.051242018800585945,-0.0646714867,-0.06945690788936099,-0.016070728380275394,2023-12-23,0.3250008288067962,0.22159583694709453,-0.11038141006595076,0.34388551604509976,0.001515691112197251,0.07222106040000001,0.3202092843730405,0.39091465366084316
skip_h1,early,494,1957,0,0.05026898210356434,0.07711966714015489,-0.011289176736590575,-0.015561508300000002,-0.013273201974161486,-0.006468346337201227,2022-07-28,1.0175907308413834,0.17611336032388664,-0.09851473236690063,0.30364372469635625,-0.013916314746213935,0.0307242071,0.049011583633652774,0.09365210547986669
skip_h1,late,1812,10949,0,0.02467620901928285,0.11373902948327823,-0.03995284206399537,-0.0491099784,-0.06945690788936087,-0.016070728380275394,2023-12-23,0.13618216898058969,0.23399558498896247,-0.11361658599494129,0.35485651214128033,0.015432005858411153,0.041496853300000004,0.2711977007393877,0.2972625481809766
combo_K-0.001,full,14328,884,0,-0.24367002579564323,0.1384278719031119,-0.35183163009875507,-0.03026626759999999,-0.3156290386093836,-0.039640316730413676,2024-03-01,-0.17006562381047127,0.14565884980457844,-0.08097528151098313,0.25160524846454496,0.05394651583251865,0.1066262795,0.019619673074871342,0.07229943674235269
combo_K-0.001,early,2232,219,0,-0.022781321338542746,0.04881871550287284,-0.055079010441415596,-0.0165210264,-0.09174634288968908,-0.029140475238456066,2022-11-10,-0.10206685187519152,0.11872759856630824,-0.07576611157116685,0.2302867383512545,0.016373920301797275,0.0296234934,0.005221749928827756,0.018471323027030483
combo_K-0.001,late,12096,665,0,-0.2208887044571005,0.08960915640023909,-0.2967526196573395,-0.013745241199999994,-0.2817746194080518,-0.039640316730413676,2024-03-01,-0.1826130162509098,0.1506283068783069,-0.08193649739273492,0.25553902116402116,0.03757259553072138,0.0770027861,0.014397923146043585,0.0538281137153222
te_and_tg,full,2149,13063,0,0.09497687745460204,0.18436434176526195,-0.04790877011065991,-0.0414786942,-0.05731506899146965,-0.016070728380275394,2023-12-23,0.44195848047744085,0.21684504420660772,-0.10831138137509778,0.3401582131223825,0.008010045970368435,0.0954138529,0.3235425330629665,0.410946339992598
te_and_tg,early,451,2000,0,0.04758442642485389,0.06857266290775485,-0.010262424082900979,-0.0107258124,-0.011554835400267471,-0.006468346337201227,2022-07-28,1.0550870604180462,0.17516629711751663,-0.09779552218684223,0.30598669623059865,-0.005369310513813907,0.035559903000000004,0.05003833628734236,0.09096754980115626
te_and_tg,late,1698,11063,0,0.04739245102974815,0.11579167885750709,-0.03764634602775893,-0.0307528818,-0.05731506899146954,-0.016070728380275394,2023-12-23,0.2791074854519915,0.22791519434628976,-0.11110446293805613,0.3492343934040047,0.0133793564841823,0.0598539499,0.2735041967756241,0.31997879019144176
