side,entry_day,pump_cell,fund_cell,era,n_events,n_weeks,mean_gross_bp,mean_funding_bp,mean_net45_bp,mean_net90_bp,se_net45_bp_wk,median_net45_bp,win_rate_net45
short,1,pump_le0,fund_neg,pooled,68,58,859.0069202240235,-268.42569558823527,545.5812246357882,500.58122463578826,548.1537602483853,1469.9665305268716,0.7058823529411765
short,1,pump_le0,fund_neg,e2122,8,8,698.5962411093002,-239.17888749999997,414.4173536093002,369.4173536093003,742.7092925142027,757.5032149747968,0.625
short,1,pump_le0,fund_neg,e2324,21,19,1318.5308764234278,-225.10691428571428,1048.4239621377135,1003.4239621377134,535.9731781373496,1363.3685779960701,0.7142857142857143
short,1,pump_le0,fund_neg,e2526,39,31,644.4756984991595,-297.7505384615384,301.72516003762087,256.725160037621,912.8427809075347,1588.6984777036187,0.717948717948718
short,1,pump_le0,fund_neg,pre2025,29,27,1147.514425302289,-228.98883793103448,873.5255873712547,828.5255873712543,440.11500263829083,1026.0680579659538,0.6896551724137931
short,1,pump_le0,fund_neg,post2025,39,31,644.4756984991595,-297.7505384615384,301.72516003762087,256.725160037621,917.3806421141729,1588.6984777036187,0.717948717948718
short,2,pump_le0,fund_neg,pooled,68,59,517.8703160113591,-209.03332500000005,263.8369910113591,218.83699101135915,479.5017186988812,868.1610664474925,0.7352941176470589
short,2,pump_le0,fund_neg,e2122,9,9,362.98815621558975,-204.99,112.99815621558977,67.99815621558974,488.7286022377439,325.7465632183903,0.5555555555555556
short,2,pump_le0,fund_neg,e2324,26,23,806.1702286396325,-155.9063576923077,605.2638709473249,560.2638709473247,369.856291118808,877.5451020841482,0.7692307692307693
short,2,pump_le0,fund_neg,e2526,33,27,332.9655193394447,-251.99366060606062,35.97185873338397,-9.028141266616005,982.209934554383,993.1858126363575,0.7575757575757576
short,2,pump_le0,fund_neg,pre2025,35,32,692.2091243020213,-168.5278657142857,478.6812585877358,433.6812585877357,316.9387258350635,703.3283416195861,0.7142857142857143
short,2,pump_le0,fund_neg,post2025,33,27,332.9655193394447,-251.99366060606062,35.97185873338397,-9.028141266616005,985.413599693335,993.1858126363575,0.7575757575757576
long,1,pump_le0,fund_neg,pooled,68,58,-859.0069202240235,268.42569558823527,-635.5812246357882,-680.5812246357883,562.3747443627647,-1559.9665305268718,0.29411764705882354
long,1,pump_le0,fund_neg,e2122,8,8,-698.5962411093002,239.17888749999997,-504.4173536093003,-549.4173536093003,736.601081647323,-847.5032149747968,0.375
long,1,pump_le0,fund_neg,e2324,21,19,-1318.5308764234278,225.10691428571428,-1138.4239621377133,-1183.4239621377133,534.0781237339595,-1453.3685779960704,0.2857142857142857
long,1,pump_le0,fund_neg,e2526,39,31,-644.4756984991595,297.7505384615384,-391.72516003762115,-436.725160037621,895.1411542808257,-1678.6984777036187,0.28205128205128205
long,1,pump_le0,fund_neg,pre2025,29,27,-1147.514425302289,228.98883793103448,-963.5255873712545,-1008.5255873712543,448.25286025223613,-1116.0680579659538,0.3103448275862069
long,1,pump_le0,fund_neg,post2025,39,31,-644.4756984991595,297.7505384615384,-391.72516003762115,-436.725160037621,931.5534427680437,-1678.6984777036187,0.28205128205128205
long,2,pump_le0,fund_neg,pooled,68,59,-517.8703160113591,209.03332500000005,-353.8369910113593,-398.836991011359,496.0508995483181,-958.1610664474927,0.2647058823529412
long,2,pump_le0,fund_neg,e2122,9,9,-362.98815621558975,204.99,-202.99815621558977,-247.9981562155898,502.1257697298971,-415.74656321839024,0.4444444444444444
long,2,pump_le0,fund_neg,e2324,26,23,-806.1702286396325,155.9063576923077,-695.2638709473248,-740.2638709473244,398.3417918645536,-967.5451020841483,0.23076923076923078
long,2,pump_le0,fund_neg,e2526,33,27,-332.9655193394447,251.99366060606062,-125.97185873338397,-170.97185873338407,964.0336263754815,-1083.1858126363575,0.24242424242424243
long,2,pump_le0,fund_neg,pre2025,35,32,-692.2091243020213,168.5278657142857,-568.6812585877357,-613.6812585877357,323.46307025534344,-793.3283416195861,0.2857142857142857
long,2,pump_le0,fund_neg,post2025,33,27,-332.9655193394447,251.99366060606062,-125.97185873338397,-170.97185873338407,914.3925047807711,-1083.1858126363575,0.24242424242424243
short,1,pump_le0,fund_flat,pooled,356,162,92.74881214175976,-19.573298876404493,28.17551326535523,-16.824486734644726,455.61969652606234,684.1824856016201,0.6544943820224719
short,1,pump_le0,fund_flat,e2122,69,31,155.52668733302892,-0.911288405797103,109.6153989272319,64.61539892723175,428.16809867695713,505.89830508474637,0.6086956521739131
short,1,pump_le0,fund_flat,e2324,131,68,294.2196647664507,-8.481281679389312,240.7383830870613,195.7383830870613,211.13767611392578,486.47076122517535,0.6259541984732825
short,1,pump_le0,fund_flat,e2526,156,63,-104.20218197383055,-37.1421,-186.34428197383048,-231.34428197383056,975.2724983607254,1060.3370825903191,0.6987179487179487
short,1,pump_le0,fund_flat,pre2025,200,99,246.37058755192015,-5.869633999999999,195.5009535519202,150.5009535519201,195.80840391536415,501.8328908961521,0.62
short,1,pump_le0,fund_flat,post2025,156,63,-104.20218197383055,-37.1421,-186.34428197383048,-231.34428197383056,986.9816590256013,1060.3370825903191,0.6987179487179487
short,2,pump_le0,fund_flat,pooled,351,168,-48.141835509328985,-8.736510541310542,-101.87834605063959,-146.87834605063946,384.4795488874895,507.51065336976353,0.6267806267806267
short,2,pump_le0,fund_flat,e2122,68,33,-7.078033703129895,0.05488823529411764,-52.023145467835796,-97.02314546783583,391.6062723053265,292.99424304215523,0.5882352941176471
short,2,pump_le0,fund_flat,e2324,124,68,-30.843759268981653,1.3795854838709656,-74.46417378511069,-119.46417378511067,234.12113403080545,119.04207710283778,0.5483870967741935
short,2,pump_le0,fund_flat,e2526,159,67,-79.19403662017547,-20.38563647798742,-144.579673098163,-189.579673098163,815.966626485364,893.7192952100015,0.7044025157232704
short,2,pump_le0,fund_flat,pre2025,192,101,-22.426731464409134,0.9104218749999992,-66.5163095894091,-111.51630958940913,209.75445761363804,173.73242894719147,0.5625
short,2,pump_le0,fund_flat,post2025,159,67,-79.19403662017547,-20.38563647798742,-144.579673098163,-189.579673098163,788.7242218821843,893.7192952100015,0.7044025157232704
long,1,pump_le0,fund_flat,pooled,356,162,-92.74881214175976,19.573298876404493,-118.17551326535525,-163.17551326535516,456.4519752004034,-774.1824856016202,0.32303370786516855
long,1,pump_le0,fund_flat,e2122,69,31,-155.52668733302892,0.911288405797103,-199.61539892723167,-244.6153989272318,436.80124995860996,-595.8983050847463,0.37681159420289856
long,1,pump_le0,fund_flat,e2324,131,68,-294.2196647664507,8.481281679389312,-330.7383830870614,-375.7383830870614,207.15046065198806,-576.4707612251752,0.3435114503816794
long,1,pump_le0,fund_flat,e2526,156,63,104.20218197383055,37.1421,96.34428197383049,51.3442819738305,980.4022731886189,-1150.3370825903194,0.28205128205128205
long,1,pump_le0,fund_flat,pre2025,200,99,-246.37058755192015,5.869633999999999,-285.50095355192013,-330.5009535519202,202.9583589298625,-591.8328908961521,0.355
long,1,pump_le0,fund_flat,post2025,156,63,104.20218197383055,37.1421,96.34428197383049,51.3442819738305,975.7717379686851,-1150.3370825903194,0.28205128205128205
long,2,pump_le0,fund_flat,pooled,351,168,48.141835509328985,8.736510541310542,11.878346050639522,-33.121653949360514,389.12450435453223,-597.5106533697635,0.3418803418803419
long,2,pump_le0,fund_flat,e2122,68,33,7.078033703129895,-0.05488823529411764,-37.97685453216423,-82.97685453216423,391.28937274525975,-382.9942430421553,0.38235294117647056
long,2,pump_le0,fund_flat,e2324,124,68,30.843759268981653,-1.3795854838709656,-15.535826214889328,-60.53582621488935,237.99241538451685,-209.04207710283777,0.4112903225806452
long,2,pump_le0,fund_flat,e2526,159,67,79.19403662017547,20.38563647798742,54.57967309816304,9.579673098163125,782.8129403847205,-983.7192952100015,0.27044025157232704
long,2,pump_le0,fund_flat,pre2025,192,101,22.426731464409134,-0.9104218749999992,-23.483690410590874,-68.48369041059087,204.5152834609261,-263.73242894719147,0.4010416666666667
long,2,pump_le0,fund_flat,post2025,159,67,79.19403662017547,20.38563647798742,54.57967309816304,9.579673098163125,795.7591337218116,-983.7192952100015,0.27044025157232704
short,1,pump_le0,fund_pos,pooled,49,36,-9.067209651073764,86.35667346938776,32.289463818314026,-12.710536181686034,672.193310425028,1056.469304171634,0.6326530612244898
short,1,pump_le0,fund_pos,e2122,11,8,-1310.819181516569,95.06943636363634,-1260.749745152933,-1305.7497451529325,1825.4967103078452,1056.469304171634,0.6363636363636364
short,1,pump_le0,fund_pos,e2324,25,18,123.72455885637261,81.41038,160.1349388563727,115.13493885637271,954.0619215411077,1666.8728665766532,0.64
short,1,pump_le0,fund_pos,e2526,13,10,837.0464424900252,88.49643846153846,880.5428809515639,835.5428809515637,521.2279638938068,546.3139164360821,0.6153846153846154
short,1,pump_le0,fund_pos,pre2025,36,26,-314.60825070202617,85.58398055555557,-274.0242701464707,-319.0242701464709,871.3381192642534,1421.01977286772,0.6388888888888888
short,1,pump_le0,fund_pos,post2025,13,10,837.0464424900252,88.49643846153846,880.5428809515639,835.5428809515637,509.64504420637394,546.3139164360821,0.6153846153846154
short,2,pump_le0,fund_pos,pooled,54,37,18.48070092781923,64.3949462962963,37.875647224115546,-7.124352775884432,588.7754798108795,871.476660864009,0.7407407407407407
short,2,pump_le0,fund_pos,e2122,11,7,-1369.7625937000823,93.26990909090908,-1321.4926846091732,-1366.4926846091732,1889.5434889516216,554.2618,0.6363636363636364
short,2,pump_le0,fund_pos,e2324,27,17,1295.8383942486212,68.01911481481483,1318.8575090634358,1273.8575090634358,449.80287659736433,1207.313116607773,0.8888888888888888
short,2,pump_le0,fund_pos,e2526,16,13,-1182.6431414943515,38.427625,-1189.2155164943515,-1234.2155164943517,1245.160255296018,118.63343690753182,0.5625
short,2,pump_le0,fund_pos,pre2025,38,24,524.2170556318912,75.32855526315788,554.5456108950492,509.54561089504904,642.081854932384,1134.343148455991,0.8157894736842105
short,2,pump_le0,fund_pos,post2025,16,13,-1182.6431414943515,38.427625,-1189.2155164943515,-1234.2155164943517,1228.9840095582954,118.63343690753182,0.5625
long,1,pump_le0,fund_pos,pooled,49,36,9.067209651073764,-86.35667346938776,-122.28946381831398,-167.289463818314,676.828701108681,-1146.469304171634,0.3469387755102041
long,1,pump_le0,fund_pos,e2122,11,8,1310.819181516569,-95.06943636363634,1170.749745152933,1125.7497451529325,1962.8967188705049,-1146.469304171634,0.36363636363636365
long,1,pump_le0,fund_pos,e2324,25,18,-123.72455885637261,-81.41038,-250.13493885637263,-295.13493885637274,967.9540271518853,-1756.8728665766535,0.32
long,1,pump_le0,fund_pos,e2526,13,10,-837.0464424900252,-88.49643846153846,-970.5428809515636,-1015.5428809515638,512.8954307906724,-636.3139164360821,0.38461538461538464
long,1,pump_le0,fund_pos,pre2025,36,26,314.60825070202617,-85.58398055555557,184.0242701464707,139.0242701464706,911.5403690577601,-1511.01977286772,0.3333333333333333
long,1,pump_le0,fund_pos,post2025,13,10,-837.0464424900252,-88.49643846153846,-970.5428809515636,-1015.5428809515638,511.3059725158214,-636.3139164360821,0.38461538461538464
long,2,pump_le0,fund_pos,pooled,54,37,-18.48070092781923,-64.3949462962963,-127.87564722411553,-172.87564722411548,584.4939123206128,-961.4766608640091,0.25925925925925924
long,2,pump_le0,fund_pos,e2122,11,7,1369.7625937000823,-93.26990909090908,1231.4926846091735,1186.4926846091732,1874.8201441519088,-644.2618,0.36363636363636365
long,2,pump_le0,fund_pos,e2324,27,17,-1295.8383942486212,-68.01911481481483,-1408.8575090634358,-1453.8575090634358,465.259797240621,-1297.313116607773,0.1111111111111111
long,2,pump_le0,fund_pos,e2526,16,13,1182.6431414943515,-38.427625,1099.2155164943515,1054.2155164943515,1259.246721318907,-208.63343690753183,0.4375
long,2,pump_le0,fund_pos,pre2025,38,24,-524.2170556318912,-75.32855526315788,-644.545610895049,-689.5456108950493,632.3939608218941,-1224.343148455991,0.18421052631578946
long,2,pump_le0,fund_pos,post2025,16,13,1182.6431414943515,-38.427625,1099.2155164943515,1054.2155164943515,1249.455841956345,-208.63343690753183,0.4375
short,1,pump_le0,fund_none,pooled,0,,,,,,,,
short,1,pump_le0,fund_none,e2122,0,,,,,,,,
short,1,pump_le0,fund_none,e2324,0,,,,,,,,
short,1,pump_le0,fund_none,e2526,0,,,,,,,,
short,1,pump_le0,fund_none,pre2025,0,,,,,,,,
short,1,pump_le0,fund_none,post2025,0,,,,,,,,
short,2,pump_le0,fund_none,pooled,0,,,,,,,,
short,2,pump_le0,fund_none,e2122,0,,,,,,,,
short,2,pump_le0,fund_none,e2324,0,,,,,,,,
short,2,pump_le0,fund_none,e2526,0,,,,,,,,
short,2,pump_le0,fund_none,pre2025,0,,,,,,,,
short,2,pump_le0,fund_none,post2025,0,,,,,,,,
long,1,pump_le0,fund_none,pooled,0,,,,,,,,
long,1,pump_le0,fund_none,e2122,0,,,,,,,,
long,1,pump_le0,fund_none,e2324,0,,,,,,,,
long,1,pump_le0,fund_none,e2526,0,,,,,,,,
long,1,pump_le0,fund_none,pre2025,0,,,,,,,,
long,1,pump_le0,fund_none,post2025,0,,,,,,,,
long,2,pump_le0,fund_none,pooled,0,,,,,,,,
long,2,pump_le0,fund_none,e2122,0,,,,,,,,
long,2,pump_le0,fund_none,e2324,0,,,,,,,,
long,2,pump_le0,fund_none,e2526,0,,,,,,,,
long,2,pump_le0,fund_none,pre2025,0,,,,,,,,
long,2,pump_le0,fund_none,post2025,0,,,,,,,,
short,1,pump_0_25,fund_neg,pooled,32,29,869.1686036983068,-228.46299062499997,595.7056130733068,550.7056130733068,376.1414655617255,884.2444674321071,0.625
short,1,pump_0_25,fund_neg,e2122,4,4,957.0429532598195,-225.54575,686.4972032598193,641.4972032598193,1379.8850919292724,1488.622714653919,0.75
short,1,pump_0_25,fund_neg,e2324,11,11,502.13902394953135,-184.67710909090908,272.4619148586224,227.46191485862232,792.4715920694618,518.8686068728525,0.7272727272727273
short,1,pump_0_25,fund_neg,e2526,17,14,1085.9820142271585,-257.4814411764706,783.5005730506879,738.5005730506879,346.9431702001175,1118.4710087879532,0.5294117647058824
short,1,pump_0_25,fund_neg,pre2025,15,15,623.4467384322749,-195.5754133333334,382.87132509894155,337.8713250989415,678.49771952731,650.0179260762609,0.7333333333333333
short,1,pump_0_25,fund_neg,post2025,17,14,1085.9820142271585,-257.4814411764706,783.5005730506879,738.5005730506879,356.52387339988076,1118.4710087879532,0.5294117647058824
short,2,pump_0_25,fund_neg,pooled,34,29,-26.791162609472895,-225.16634999999997,-296.9575126094728,-341.9575126094729,516.9664065282202,294.12355434095076,0.5588235294117647
short,2,pump_0_25,fund_neg,e2122,5,3,195.27687537224992,-183.0069,-32.73002462775011,-77.73002462775013,763.6506578186963,359.6624498622582,0.8
short,2,pump_0_25,fund_neg,e2324,15,14,698.3444123283318,-175.97468666666668,477.3697256616652,432.3697256616653,405.4259581433183,589.1642853468502,0.6666666666666666
short,2,pump_0_25,fund_neg,e2526,14,12,-883.0321493220218,-292.92865,-1220.9607993220218,-1265.9607993220218,1067.8729634280835,-305.3026612668345,0.35714285714285715
short,2,pump_0_25,fund_neg,pre2025,20,17,572.5775280893115,-177.73273999999998,349.84478808931146,304.8447880893114,359.15343380250954,474.4133676045542,0.7
short,2,pump_0_25,fund_neg,post2025,14,12,-883.0321493220218,-292.92865,-1220.9607993220218,-1265.9607993220218,1075.7788728347975,-305.3026612668345,0.35714285714285715
long,1,pump_0_25,fund_neg,pooled,32,29,-869.1686036983068,228.46299062499997,-685.7056130733067,-730.705613073307,355.42806755531967,-974.2444674321072,0.375
long,1,pump_0_25,fund_neg,e2122,4,4,-957.0429532598195,225.54575,-776.4972032598195,-821.4972032598195,1345.5099910900847,-1578.6227146539193,0.25
long,1,pump_0_25,fund_neg,e2324,11,11,-502.13902394953135,184.67710909090908,-362.4619148586222,-407.4619148586225,790.9004420935306,-608.8686068728524,0.2727272727272727
long,1,pump_0_25,fund_neg,e2526,17,14,-1085.9820142271585,257.4814411764706,-873.500573050688,-918.5005730506879,343.47482790071575,-1208.4710087879532,0.47058823529411764
long,1,pump_0_25,fund_neg,pre2025,15,15,-623.4467384322749,195.5754133333334,-472.8713250989415,-517.8713250989417,677.9272589665587,-740.017926076261,0.26666666666666666
long,1,pump_0_25,fund_neg,post2025,17,14,-1085.9820142271585,257.4814411764706,-873.500573050688,-918.5005730506879,355.47457792207524,-1208.4710087879532,0.47058823529411764
long,2,pump_0_25,fund_neg,pooled,34,29,26.791162609472895,225.16634999999997,206.95751260947284,161.9575126094729,502.1737591894447,-384.12355434095076,0.4117647058823529
long,2,pump_0_25,fund_neg,e2122,5,3,-195.27687537224992,183.0069,-57.26997537224994,-102.26997537224995,776.0867880700036,-449.66244986225814,0.2
long,2,pump_0_25,fund_neg,e2324,15,14,-698.3444123283318,175.97468666666668,-567.3697256616653,-612.3697256616655,397.58449465004156,-679.1642853468502,0.26666666666666666
long,2,pump_0_25,fund_neg,e2526,14,12,883.0321493220218,292.92865,1130.960799322022,1085.9607993220218,1061.375012775117,215.30266126683452,0.6428571428571429
long,2,pump_0_25,fund_neg,pre2025,20,17,-572.5775280893115,177.73273999999998,-439.8447880893115,-484.84478808931146,368.62363419660363,-564.4133676045542,0.25
long,2,pump_0_25,fund_neg,post2025,14,12,883.0321493220218,292.92865,1130.960799322022,1085.9607993220218,1061.8168854749092,215.30266126683452,0.6428571428571429
short,1,pump_0_25,fund_flat,pooled,235,123,252.12411813622901,-29.28271063829787,177.84140749793113,132.84140749793107,179.90031161682117,420.82550335570534,0.5829787234042553
short,1,pump_0_25,fund_flat,e2122,59,24,396.37978469632606,36.62986271186441,388.0096474081905,343.0096474081907,301.5689679242568,557.0923861347286,0.6610169491525424
short,1,pump_0_25,fund_flat,e2324,91,57,408.1015938820179,-11.582759340659338,351.5188345413586,306.51883454135856,252.05093009810923,617.8321377933565,0.6153846153846154
short,1,pump_0_25,fund_flat,e2526,85,42,-14.993936215683059,-93.98315058823529,-153.97708680391838,-198.97708680391833,353.49968840153025,-14.961270505229551,0.49411764705882355
short,1,pump_0_25,fund_flat,pre2025,150,81,403.49101560231253,7.380872000000001,365.8718876023125,320.8718876023125,195.53382204656194,591.4942816236436,0.6333333333333333
short,1,pump_0_25,fund_flat,post2025,85,42,-14.993936215683059,-93.98315058823529,-153.97708680391838,-198.97708680391833,369.5472296782679,-14.961270505229551,0.49411764705882355
short,2,pump_0_25,fund_flat,pooled,223,126,144.3992135023304,-25.58513363228699,73.81407987004349,28.81407987004345,207.1978697050389,292.4735743647661,0.5964125560538116
short,2,pump_0_25,fund_flat,e2122,47,24,279.1876375594371,9.641748936170213,243.82938649560742,198.82938649560734,350.8352166758914,543.7126436781599,0.574468085106383
short,2,pump_0_25,fund_flat,e2324,88,55,210.81553896272553,4.235046590909092,170.0505855536346,125.05058555363458,283.0005574001258,363.68951178876677,0.625
short,2,pump_0_25,fund_flat,e2526,88,47,5.993616102344441,-74.2196715909091,-113.22605548856485,-158.2260554885647,369.97032117364347,190.7309652619731,0.5795454545454546
short,2,pump_0_25,fund_flat,pre2025,135,79,234.61915847417328,6.11738,195.73653847417324,150.73653847417324,217.5751838409827,378.7756241441067,0.6074074074074074
short,2,pump_0_25,fund_flat,post2025,88,47,5.993616102344441,-74.2196715909091,-113.22605548856485,-158.2260554885647,386.0880621546834,190.7309652619731,0.5795454545454546
long,1,pump_0_25,fund_flat,pooled,235,123,-252.12411813622901,29.28271063829787,-267.84140749793113,-312.84140749793113,179.62751184236785,-510.8255033557053,0.3829787234042553
long,1,pump_0_25,fund_flat,e2122,59,24,-396.37978469632606,-36.62986271186441,-478.0096474081905,-523.0096474081905,301.9722542519317,-647.0923861347286,0.3220338983050847
long,1,pump_0_25,fund_flat,e2324,91,57,-408.1015938820179,11.582759340659338,-441.5188345413585,-486.51883454135856,253.28762006571054,-707.8321377933565,0.3516483516483517
long,1,pump_0_25,fund_flat,e2526,85,42,14.993936215683059,93.98315058823529,63.97708680391837,18.9770868039183,359.7751517572222,-75.03872949477044,0.4588235294117647
long,1,pump_0_25,fund_flat,pre2025,150,81,-403.49101560231253,-7.380872000000001,-455.8718876023125,-500.8718876023126,189.21583905287088,-681.4942816236436,0.34
long,1,pump_0_25,fund_flat,post2025,85,42,14.993936215683059,93.98315058823529,63.97708680391837,18.9770868039183,367.3156206562932,-75.03872949477044,0.4588235294117647
long,2,pump_0_25,fund_flat,pooled,223,126,-144.3992135023304,25.58513363228699,-163.81407987004343,-208.8140798700435,197.73889440294047,-382.4735743647661,0.3721973094170404
long,2,pump_0_25,fund_flat,e2122,47,24,-279.1876375594371,-9.641748936170213,-333.8293864956073,-378.82938649560737,362.56417271142135,-633.7126436781598,0.3829787234042553
long,2,pump_0_25,fund_flat,e2324,88,55,-210.81553896272553,-4.235046590909092,-260.0505855536346,-305.0505855536346,279.25814678470306,-453.6895117887667,0.3409090909090909
long,2,pump_0_25,fund_flat,e2526,88,47,-5.993616102344441,74.2196715909091,23.22605548856463,-21.77394451143531,376.52659819672726,-280.7309652619731,0.3977272727272727
long,2,pump_0_25,fund_flat,pre2025,135,79,-234.61915847417328,-6.11738,-285.7365384741733,-330.73653847417324,217.67478648013227,-468.77562414410664,0.35555555555555557
long,2,pump_0_25,fund_flat,post2025,88,47,-5.993616102344441,74.2196715909091,23.22605548856463,-21.77394451143531,390.9032150217238,-280.7309652619731,0.3977272727272727
short,1,pump_0_25,fund_pos,pooled,53,31,-209.07618716725028,131.66823773584903,-122.40794943140133,-167.4079494314013,543.8726601095342,885.5882548106224,0.6981132075471698
short,1,pump_0_25,fund_pos,e2122,21,7,686.9178899504694,139.41376190476188,781.3316518552309,736.3316518552311,384.58976727349767,825.2455984467673,0.7619047619047619
short,1,pump_0_25,fund_pos,e2324,21,14,-498.2029566010542,135.83086666666668,-407.3720899343876,-452.3720899343874,995.0494928056866,1361.938794474572,0.7619047619047619
short,1,pump_0_25,fund_pos,e2526,11,10,-1367.6410472910893,108.93449090909091,-1303.7065563819986,-1348.7065563819986,1079.0021624516967,-133.48206720599308,0.45454545454545453
short,1,pump_0_25,fund_pos,pre2025,42,21,94.3574666747074,137.6223142857143,186.97978096042178,141.97978096042178,576.7207046497506,1260.013501167382,0.7619047619047619
short,1,pump_0_25,fund_pos,post2025,11,10,-1367.6410472910893,108.93449090909091,-1303.7065563819986,-1348.7065563819986,1101.9663475854097,-133.48206720599308,0.45454545454545453
short,2,pump_0_25,fund_pos,pooled,63,30,476.5619982432613,98.78341904761903,530.3454172908804,485.34541729088033,226.9489354672771,655.9665439478589,0.6825396825396826
short,2,pump_0_25,fund_pos,e2122,32,7,426.2111134106061,114.80524375,496.0163571606061,451.01635716060616,329.46838156720094,815.5162619893101,0.75
short,2,pump_0_25,fund_pos,e2324,20,14,761.1327546188033,87.75851000000002,803.8912646188033,758.8912646188031,381.8575328453696,1326.3612951043826,0.7
short,2,pump_0_25,fund_pos,e2526,11,9,105.63592434636342,72.21976363636365,132.8556879827272,87.85568798272708,647.6246516561331,-159.9934125665611,0.45454545454545453
short,2,pump_0_25,fund_pos,pre2025,52,21,555.0271292599126,104.40265384615384,614.4297831060666,569.4297831060666,251.88380633278132,900.2995011757903,0.7307692307692307
short,2,pump_0_25,fund_pos,post2025,11,9,105.63592434636342,72.21976363636365,132.8556879827272,87.85568798272708,608.4523577688876,-159.9934125665611,0.45454545454545453
long,1,pump_0_25,fund_pos,pooled,53,31,209.07618716725028,-131.66823773584903,32.407949431401185,-12.592050568598749,530.0949306022558,-975.5882548106225,0.3018867924528302
long,1,pump_0_25,fund_pos,e2122,21,7,-686.9178899504694,-139.41376190476188,-871.3316518552311,-916.3316518552311,401.04071491378915,-915.2455984467674,0.23809523809523808
long,1,pump_0_25,fund_pos,e2324,21,14,498.2029566010542,-135.83086666666668,317.3720899343876,272.3720899343873,988.6372243142953,-1451.938794474572,0.23809523809523808
long,1,pump_0_25,fund_pos,e2526,11,10,1367.6410472910893,-108.93449090909091,1213.7065563819986,1168.7065563819988,1101.0304027360087,43.48206720599307,0.5454545454545454
long,1,pump_0_25,fund_pos,pre2025,42,21,-94.3574666747074,-137.6223142857143,-276.9797809604218,-321.97978096042175,578.7330205052723,-1350.013501167382,0.23809523809523808
long,1,pump_0_25,fund_pos,post2025,11,10,1367.6410472910893,-108.93449090909091,1213.7065563819986,1168.7065563819988,1095.3076868844382,43.48206720599307,0.5454545454545454
long,2,pump_0_25,fund_pos,pooled,63,30,-476.5619982432613,-98.78341904761903,-620.3454172908804,-665.3454172908803,232.84758225618026,-745.966543947859,0.30158730158730157
long,2,pump_0_25,fund_pos,e2122,32,7,-426.2111134106061,-114.80524375,-586.0163571606062,-631.0163571606062,335.74971364763303,-905.5162619893102,0.25
long,2,pump_0_25,fund_pos,e2324,20,14,-761.1327546188033,-87.75851000000002,-893.8912646188032,-938.8912646188032,376.04888827789637,-1416.3612951043826,0.25
long,2,pump_0_25,fund_pos,e2526,11,9,-105.63592434636342,-72.21976363636365,-222.85568798272718,-267.8556879827271,629.5195081645834,69.99341256656109,0.5454545454545454
long,2,pump_0_25,fund_pos,pre2025,52,21,-555.0271292599126,-104.40265384615384,-704.4297831060666,-749.4297831060665,251.4752096075158,-990.2995011757904,0.25
long,2,pump_0_25,fund_pos,post2025,11,9,-105.63592434636342,-72.21976363636365,-222.85568798272718,-267.8556879827271,625.5457579570904,69.99341256656109,0.5454545454545454
short,1,pump_0_25,fund_none,pooled,0,,,,,,,,
short,1,pump_0_25,fund_none,e2122,0,,,,,,,,
short,1,pump_0_25,fund_none,e2324,0,,,,,,,,
short,1,pump_0_25,fund_none,e2526,0,,,,,,,,
short,1,pump_0_25,fund_none,pre2025,0,,,,,,,,
short,1,pump_0_25,fund_none,post2025,0,,,,,,,,
short,2,pump_0_25,fund_none,pooled,0,,,,,,,,
short,2,pump_0_25,fund_none,e2122,0,,,,,,,,
short,2,pump_0_25,fund_none,e2324,0,,,,,,,,
short,2,pump_0_25,fund_none,e2526,0,,,,,,,,
short,2,pump_0_25,fund_none,pre2025,0,,,,,,,,
short,2,pump_0_25,fund_none,post2025,0,,,,,,,,
long,1,pump_0_25,fund_none,pooled,0,,,,,,,,
long,1,pump_0_25,fund_none,e2122,0,,,,,,,,
long,1,pump_0_25,fund_none,e2324,0,,,,,,,,
long,1,pump_0_25,fund_none,e2526,0,,,,,,,,
long,1,pump_0_25,fund_none,pre2025,0,,,,,,,,
long,1,pump_0_25,fund_none,post2025,0,,,,,,,,
long,2,pump_0_25,fund_none,pooled,0,,,,,,,,
long,2,pump_0_25,fund_none,e2122,0,,,,,,,,
long,2,pump_0_25,fund_none,e2324,0,,,,,,,,
long,2,pump_0_25,fund_none,e2526,0,,,,,,,,
long,2,pump_0_25,fund_none,pre2025,0,,,,,,,,
long,2,pump_0_25,fund_none,post2025,0,,,,,,,,
short,1,pump_25_100,fund_neg,pooled,25,21,-321.52050277980385,-658.074648,-1024.5951507798038,-1069.595150779804,734.5900046126226,-853.023131659057,0.44
short,1,pump_25_100,fund_neg,e2122,0,,,,,,,,
short,1,pump_25_100,fund_neg,e2324,10,9,84.57861109131903,-374.95806000000005,-335.379448908681,-380.37944890868107,1261.50776906646,1564.6431546761703,0.6
short,1,pump_25_100,fund_neg,e2526,15,12,-592.2532453605526,-846.81904,-1484.0722853605523,-1529.072285360553,789.8650671381992,-1335.994130203725,0.3333333333333333
short,1,pump_25_100,fund_neg,pre2025,10,9,84.57861109131903,-374.95806000000005,-335.379448908681,-380.37944890868107,1361.7967446695461,1564.6431546761703,0.6
short,1,pump_25_100,fund_neg,post2025,15,12,-592.2532453605526,-846.81904,-1484.0722853605523,-1529.072285360553,812.9251578881823,-1335.994130203725,0.3333333333333333
short,2,pump_25_100,fund_neg,pooled,20,17,853.7920439192494,-478.24816999999996,330.54387391924917,285.54387391924905,720.7552851634805,972.728751475006,0.6
short,2,pump_25_100,fund_neg,e2122,0,,,,,,,,
short,2,pump_25_100,fund_neg,e2324,9,8,985.4131373843042,-299.8392777777778,640.5738596065263,595.5738596065263,1076.9141529885392,847.8733372336307,0.6666666666666666
short,2,pump_25_100,fund_neg,e2526,11,9,746.1020583569313,-624.2190818181818,76.8829765387495,31.88297653874943,1007.2218909196833,1097.5841657163814,0.5454545454545454
short,2,pump_25_100,fund_neg,pre2025,9,8,985.4131373843042,-299.8392777777778,640.5738596065263,595.5738596065263,1136.0376064153631,847.8733372336307,0.6666666666666666
short,2,pump_25_100,fund_neg,post2025,11,9,746.1020583569313,-624.2190818181818,76.8829765387495,31.88297653874943,955.1496113862786,1097.5841657163814,0.5454545454545454
long,1,pump_25_100,fund_neg,pooled,25,21,321.52050277980385,658.074648,934.5951507798039,889.595150779804,737.2277343973612,763.0231316590568,0.56
long,1,pump_25_100,fund_neg,e2122,0,,,,,,,,
long,1,pump_25_100,fund_neg,e2324,10,9,-84.57861109131903,374.95806000000005,245.379448908681,200.37944890868093,1310.7546137784047,-1654.6431546761703,0.4
long,1,pump_25_100,fund_neg,e2526,15,12,592.2532453605526,846.81904,1394.0722853605528,1349.0722853605525,804.1224775021213,1245.994130203725,0.6666666666666666
long,1,pump_25_100,fund_neg,pre2025,10,9,-84.57861109131903,374.95806000000005,245.379448908681,200.37944890868093,1346.3038046606114,-1654.6431546761703,0.4
long,1,pump_25_100,fund_neg,post2025,15,12,592.2532453605526,846.81904,1394.0722853605528,1349.0722853605525,824.4143394600451,1245.994130203725,0.6666666666666666
long,2,pump_25_100,fund_neg,pooled,20,17,-853.7920439192494,478.24816999999996,-420.543873919249,-465.54387391924917,718.8566407537539,-1062.7287514750062,0.4
long,2,pump_25_100,fund_neg,e2122,0,,,,,,,,
long,2,pump_25_100,fund_neg,e2324,9,8,-985.4131373843042,299.8392777777778,-730.5738596065264,-775.5738596065265,1041.4281100523115,-937.8733372336308,0.3333333333333333
long,2,pump_25_100,fund_neg,e2526,11,9,-746.1020583569313,624.2190818181818,-166.8829765387495,-211.88297653874955,996.7338477667354,-1187.5841657163817,0.45454545454545453
long,2,pump_25_100,fund_neg,pre2025,9,8,-985.4131373843042,299.8392777777778,-730.5738596065264,-775.5738596065265,1096.9546288518366,-937.8733372336308,0.3333333333333333
long,2,pump_25_100,fund_neg,post2025,11,9,-746.1020583569313,624.2190818181818,-166.8829765387495,-211.88297653874955,980.6409861791128,-1187.5841657163817,0.45454545454545453
short,1,pump_25_100,fund_flat,pooled,33,32,106.38829758505457,-98.31354545454546,-36.925247869490825,-81.92524786949079,910.1554902544912,1470.8803042509296,0.6363636363636364
short,1,pump_25_100,fund_flat,e2122,3,3,1842.681434989021,21.139499999999998,1818.8209349890215,1773.820934989021,656.1766370138678,1866.7458577617333,1.0
short,1,pump_25_100,fund_flat,e2324,14,14,280.7232666743633,-40.65351428571427,195.06975238864902,150.069752388649,908.3812883138299,983.2201768177196,0.5
short,1,pump_25_100,fund_flat,e2526,16,15,-371.70976363133406,-171.16351875,-587.873282381334,-632.8732823813342,1709.7236600014521,1441.4241498595393,0.6875
short,1,pump_25_100,fund_flat,pre2025,17,17,556.3629434357734,-29.748864705882355,481.6140787298912,436.61407872989116,756.6435096255362,1866.7458577617333,0.5882352941176471
short,1,pump_25_100,fund_flat,post2025,16,15,-371.70976363133406,-171.16351875,-587.873282381334,-632.8732823813342,1704.3639320363948,1441.4241498595393,0.6875
short,2,pump_25_100,fund_flat,pooled,37,35,-756.7612326662537,-162.8507540540541,-964.6119867203075,-1009.6119867203075,840.4870735334028,470.4031547911545,0.5405405405405406
short,2,pump_25_100,fund_flat,e2122,3,3,980.182961960036,20.453599999999998,955.6365619600358,910.6365619600358,641.9828617185811,971.4549918166949,0.6666666666666666
short,2,pump_25_100,fund_flat,e2324,13,13,-243.78128176099037,-48.92376923076923,-337.70505099175966,-382.7050509917596,635.471100909135,470.4031547911545,0.5384615384615384
short,2,pump_25_100,fund_flat,e2526,21,19,-1322.4551348399343,-259.56331904761913,-1627.0184538875533,-1672.0184538875533,1407.8724261834502,94.0423827785172,0.5238095238095238
short,2,pump_25_100,fund_flat,pre2025,16,16,-14.287986063297964,-35.915512500000006,-95.203498563298,-140.20349856329796,558.0259987212405,720.9290733039247,0.5625
short,2,pump_25_100,fund_flat,post2025,21,19,-1322.4551348399343,-259.56331904761913,-1627.0184538875533,-1672.0184538875533,1402.8290416551552,94.0423827785172,0.5238095238095238
long,1,pump_25_100,fund_flat,pooled,33,32,-106.38829758505457,98.31354545454546,-53.07475213050905,-98.07475213050907,874.2746123178406,-1560.8803042509298,0.36363636363636365
long,1,pump_25_100,fund_flat,e2122,3,3,-1842.681434989021,-21.139499999999998,-1908.820934989021,-1953.8209349890212,659.2426251463132,-1956.7458577617333,0.0
long,1,pump_25_100,fund_flat,e2324,14,14,-280.7232666743633,40.65351428571427,-285.069752388649,-330.0697523886491,883.1689146716118,-1073.2201768177197,0.5
long,1,pump_25_100,fund_flat,e2526,16,15,371.70976363133406,171.16351875,497.8732823813345,452.87328238133415,1750.5578874344837,-1531.4241498595393,0.3125
long,1,pump_25_100,fund_flat,pre2025,17,17,-556.3629434357734,29.748864705882355,-571.6140787298913,-616.6140787298913,761.7947337795937,-1956.7458577617333,0.4117647058823529
long,1,pump_25_100,fund_flat,post2025,16,15,371.70976363133406,171.16351875,497.8732823813345,452.87328238133415,1787.5776239222732,-1531.4241498595393,0.3125
long,2,pump_25_100,fund_flat,pooled,37,35,756.7612326662537,162.8507540540541,874.6119867203076,829.6119867203075,845.7152172695831,-560.4031547911545,0.43243243243243246
long,2,pump_25_100,fund_flat,e2122,3,3,-980.182961960036,-20.453599999999998,-1045.636561960036,-1090.6365619600358,639.585279618976,-1061.454991816695,0.3333333333333333
long,2,pump_25_100,fund_flat,e2324,13,13,243.78128176099037,48.92376923076923,247.70505099175958,202.70505099175946,637.5967124110514,-560.4031547911545,0.46153846153846156
long,2,pump_25_100,fund_flat,e2526,21,19,1322.4551348399343,259.56331904761913,1537.0184538875528,1492.0184538875533,1430.8530567956527,-184.0423827785172,0.42857142857142855
long,2,pump_25_100,fund_flat,pre2025,16,16,14.287986063297964,35.915512500000006,5.203498563297951,-39.79650143670207,537.8232773322474,-810.9290733039248,0.4375
long,2,pump_25_100,fund_flat,post2025,21,19,1322.4551348399343,259.56331904761913,1537.0184538875528,1492.0184538875533,1397.8069364746934,-184.0423827785172,0.42857142857142855
short,1,pump_25_100,fund_pos,pooled,19,18,-638.933764450746,147.3187052631579,-536.6150591875883,-581.6150591875883,1012.1528221347572,560.7251241798297,0.5789473684210527
short,1,pump_25_100,fund_pos,e2122,4,3,-3.407884123228788,166.371575,117.96369087677117,72.9636908767712,515.6406855496942,-220.02462052181818,0.5
short,1,pump_25_100,fund_pos,e2324,9,9,27.10275292346659,139.63962222222221,121.74237514568883,76.74237514568878,1099.4224181196505,1819.9379415702986,0.6666666666666666
short,1,pump_25_100,fund_pos,e2526,6,6,-2061.67246073041,146.13541666666666,-1960.5370440637435,-2005.5370440637432,2590.6531306925635,-589.0713168953083,0.5
short,1,pump_25_100,fund_pos,pre2025,13,12,17.71486460140647,147.86483846153845,120.57970306294493,75.57970306294482,772.1136590482097,560.7251241798297,0.6153846153846154
short,1,pump_25_100,fund_pos,post2025,6,6,-2061.67246073041,146.13541666666666,-1960.5370440637435,-2005.5370440637432,2518.912889222917,-589.0713168953083,0.5
short,2,pump_25_100,fund_pos,pooled,20,18,-137.6432984998156,86.119475,-96.52382349981569,-141.52382349981556,933.3197307715951,227.71874024269198,0.55
short,2,pump_25_100,fund_pos,e2122,4,3,-225.50364698705297,119.546025,-150.95762198705307,-195.957621987053,473.3760567256106,-790.6282818459999,0.25
short,2,pump_25_100,fund_pos,e2324,11,11,1227.5697597227716,96.50139090909092,1279.0711506318626,1234.0711506318626,787.9165227365213,1977.8831466465715,0.8181818181818182
short,2,pump_25_100,fund_pos,e2526,5,4,-3070.823747799718,36.53802,-3079.2857277997177,-3124.2857277997177,3085.4293554371193,-940.3197514856845,0.2
short,2,pump_25_100,fund_pos,pre2025,15,14,840.083517933485,102.64662666666668,897.7301446001517,852.7301446001517,608.7865892749808,1894.4618703846702,0.6666666666666666
short,2,pump_25_100,fund_pos,post2025,5,4,-3070.823747799718,36.53802,-3079.2857277997177,-3124.2857277997177,3084.871567561795,-940.3197514856845,0.2
long,1,pump_25_100,fund_pos,pooled,19,18,638.933764450746,-147.3187052631579,446.6150591875883,401.6150591875883,996.7517299220438,-650.7251241798297,0.42105263157894735
long,1,pump_25_100,fund_pos,e2122,4,3,3.407884123228788,-166.371575,-207.96369087677124,-252.9636908767712,510.70568800054366,130.02462052181824,0.5
long,1,pump_25_100,fund_pos,e2324,9,9,-27.10275292346659,-139.63962222222221,-211.74237514568878,-256.7423751456888,1085.6893801662077,-1909.9379415702986,0.3333333333333333
long,1,pump_25_100,fund_pos,e2526,6,6,2061.67246073041,-146.13541666666666,1870.5370440637437,1825.537044063744,2595.6419819637945,499.0713168953083,0.5
long,1,pump_25_100,fund_pos,pre2025,13,12,-17.71486460140647,-147.86483846153845,-210.57970306294493,-255.57970306294496,763.3175462935764,-650.7251241798297,0.38461538461538464
long,1,pump_25_100,fund_pos,post2025,6,6,2061.67246073041,-146.13541666666666,1870.5370440637437,1825.537044063744,2569.3222394149007,499.0713168953083,0.5
long,2,pump_25_100,fund_pos,pooled,20,18,137.6432984998156,-86.119475,6.523823499815701,-38.476176500184394,933.7371487009831,-317.718740242692,0.45
long,2,pump_25_100,fund_pos,e2122,4,3,225.50364698705297,-119.546025,60.957621987052995,15.957621987052958,471.92715709085934,700.6282818459999,0.75
long,2,pump_25_100,fund_pos,e2324,11,11,-1227.5697597227716,-96.50139090909092,-1369.0711506318628,-1414.0711506318626,810.6385514465628,-2067.8831466465717,0.18181818181818182
long,2,pump_25_100,fund_pos,e2526,5,4,3070.823747799718,-36.53802,2989.285727799718,2944.285727799718,3147.761174181391,850.3197514856845,0.8
long,2,pump_25_100,fund_pos,pre2025,15,14,-840.083517933485,-102.64662666666668,-987.730144600152,-1032.7301446001518,619.2369773136909,-1984.4618703846704,0.3333333333333333
long,2,pump_25_100,fund_pos,post2025,5,4,3070.823747799718,-36.53802,2989.285727799718,2944.285727799718,3178.8205889520505,850.3197514856845,0.8
short,1,pump_25_100,fund_none,pooled,0,,,,,,,,
short,1,pump_25_100,fund_none,e2122,0,,,,,,,,
short,1,pump_25_100,fund_none,e2324,0,,,,,,,,
short,1,pump_25_100,fund_none,e2526,0,,,,,,,,
short,1,pump_25_100,fund_none,pre2025,0,,,,,,,,
short,1,pump_25_100,fund_none,post2025,0,,,,,,,,
short,2,pump_25_100,fund_none,pooled,0,,,,,,,,
short,2,pump_25_100,fund_none,e2122,0,,,,,,,,
short,2,pump_25_100,fund_none,e2324,0,,,,,,,,
short,2,pump_25_100,fund_none,e2526,0,,,,,,,,
short,2,pump_25_100,fund_none,pre2025,0,,,,,,,,
short,2,pump_25_100,fund_none,post2025,0,,,,,,,,
long,1,pump_25_100,fund_none,pooled,0,,,,,,,,
long,1,pump_25_100,fund_none,e2122,0,,,,,,,,
long,1,pump_25_100,fund_none,e2324,0,,,,,,,,
long,1,pump_25_100,fund_none,e2526,0,,,,,,,,
long,1,pump_25_100,fund_none,pre2025,0,,,,,,,,
long,1,pump_25_100,fund_none,post2025,0,,,,,,,,
long,2,pump_25_100,fund_none,pooled,0,,,,,,,,
long,2,pump_25_100,fund_none,e2122,0,,,,,,,,
long,2,pump_25_100,fund_none,e2324,0,,,,,,,,
long,2,pump_25_100,fund_none,e2526,0,,,,,,,,
long,2,pump_25_100,fund_none,pre2025,0,,,,,,,,
long,2,pump_25_100,fund_none,post2025,0,,,,,,,,
short,1,pump_gt100,fund_neg,pooled,3,3,2136.4035419522756,-353.07256666666666,1738.3309752856092,1693.3309752856094,757.2498594897042,1943.3753348842436,1.0
short,1,pump_gt100,fund_neg,e2122,0,,,,,,,,
short,1,pump_gt100,fund_neg,e2324,1,1,192.14063058919743,-98.56390000000002,48.57673058919743,3.576730589197434,,48.57673058919743,1.0
short,1,pump_gt100,fund_neg,e2526,2,2,3108.5349976338152,-480.32689999999997,2583.208097633815,2538.208097633815,452.0886535969304,2583.208097633815,1.0
short,1,pump_gt100,fund_neg,pre2025,1,1,192.14063058919743,-98.56390000000002,48.57673058919743,3.576730589197434,,48.57673058919743,1.0
short,1,pump_gt100,fund_neg,post2025,2,2,3108.5349976338152,-480.32689999999997,2583.208097633815,2538.208097633815,446.7204624395453,2583.208097633815,1.0
short,2,pump_gt100,fund_neg,pooled,2,2,4242.0797149931905,-307.16525,3889.9144649931904,3844.9144649931904,716.727085140379,3889.9144649931904,1.0
short,2,pump_gt100,fund_neg,e2122,0,,,,,,,,
short,2,pump_gt100,fund_neg,e2324,0,,,,,,,,
short,2,pump_gt100,fund_neg,e2526,2,2,4242.0797149931905,-307.16525,3889.9144649931904,3844.9144649931904,715.7610040943933,3889.9144649931904,1.0
short,2,pump_gt100,fund_neg,pre2025,0,,,,,,,,
short,2,pump_gt100,fund_neg,post2025,2,2,4242.0797149931905,-307.16525,3889.9144649931904,3844.9144649931904,707.7507880114227,3889.9144649931904,1.0
long,1,pump_gt100,fund_neg,pooled,3,3,-2136.4035419522756,353.07256666666666,-1828.3309752856092,-1873.330975285609,748.9459346224339,-2033.3753348842438,0.0
long,1,pump_gt100,fund_neg,e2122,0,,,,,,,,
long,1,pump_gt100,fund_neg,e2324,1,1,-192.14063058919743,98.56390000000002,-138.5767305891974,-183.5767305891974,,-138.5767305891974,0.0
long,1,pump_gt100,fund_neg,e2526,2,2,-3108.5349976338152,480.32689999999997,-2673.208097633815,-2718.208097633815,449.496299694149,-2673.208097633815,0.0
long,1,pump_gt100,fund_neg,pre2025,1,1,-192.14063058919743,98.56390000000002,-138.5767305891974,-183.5767305891974,,-138.5767305891974,0.0
long,1,pump_gt100,fund_neg,post2025,2,2,-3108.5349976338152,480.32689999999997,-2673.208097633815,-2718.208097633815,455.01990233962016,-2673.208097633815,0.0
long,2,pump_gt100,fund_neg,pooled,2,2,-4242.0797149931905,307.16525,-3979.9144649931904,-4024.91446499319,722.2778167495757,-3979.9144649931904,0.0
long,2,pump_gt100,fund_neg,e2122,0,,,,,,,,
long,2,pump_gt100,fund_neg,e2324,0,,,,,,,,
long,2,pump_gt100,fund_neg,e2526,2,2,-4242.0797149931905,307.16525,-3979.9144649931904,-4024.91446499319,735.4295440666882,-3979.9144649931904,0.0
long,2,pump_gt100,fund_neg,pre2025,0,,,,,,,,
long,2,pump_gt100,fund_neg,post2025,2,2,-4242.0797149931905,307.16525,-3979.9144649931904,-4024.91446499319,707.8888444621274,-3979.9144649931904,0.0
short,1,pump_gt100,fund_flat,pooled,3,3,-508.1615261660396,0.8779333333333338,-552.2835928327063,-597.2835928327062,1440.7789278215698,-1035.0720815157126,0.3333333333333333
short,1,pump_gt100,fund_flat,e2122,0,,,,,,,,
short,1,pump_gt100,fund_flat,e2324,1,1,2741.68461354391,11.0257,2707.71031354391,2662.71031354391,,2707.71031354391,1.0
short,1,pump_gt100,fund_flat,e2526,2,2,-2133.0845960210145,-4.195949999999999,-2182.2805460210147,-2227.2805460210143,817.0586082890138,-2182.2805460210147,0.0
short,1,pump_gt100,fund_flat,pre2025,1,1,2741.68461354391,11.0257,2707.71031354391,2662.71031354391,,2707.71031354391,1.0
short,1,pump_gt100,fund_flat,post2025,2,2,-2133.0845960210145,-4.195949999999999,-2182.2805460210147,-2227.2805460210143,811.7909371522991,-2182.2805460210147,0.0
short,2,pump_gt100,fund_flat,pooled,5,5,-743.6854281673741,5.817940000000001,-782.867488167374,-827.867488167374,1581.3175965413984,-2099.256180427612,0.4
short,2,pump_gt100,fund_flat,e2122,0,,,,,,,,
short,2,pump_gt100,fund_flat,e2324,2,2,3088.6864823143424,12.20245,3055.888932314342,3010.888932314343,1264.5424491034496,3055.888932314342,1.0
short,2,pump_gt100,fund_flat,e2526,3,3,-3298.600035155185,1.5616000000000003,-3342.038435155185,-3387.038435155185,1016.4819390604333,-2141.8207003179655,0.0
short,2,pump_gt100,fund_flat,pre2025,2,2,3088.6864823143424,12.20245,3055.888932314342,3010.888932314343,1252.4363200422167,3055.888932314342,1.0
short,2,pump_gt100,fund_flat,post2025,3,3,-3298.600035155185,1.5616000000000003,-3342.038435155185,-3387.038435155185,1008.7381238554044,-2141.8207003179655,0.0
long,1,pump_gt100,fund_flat,pooled,3,3,508.1615261660396,-0.8779333333333338,462.28359283270623,417.28359283270623,1446.6258937565578,945.0720815157125,0.6666666666666666
long,1,pump_gt100,fund_flat,e2122,0,,,,,,,,
long,1,pump_gt100,fund_flat,e2324,1,1,-2741.68461354391,-11.0257,-2797.71031354391,-2842.71031354391,,-2797.71031354391,0.0
long,1,pump_gt100,fund_flat,e2526,2,2,2133.0845960210145,4.195949999999999,2092.2805460210143,2047.2805460210145,787.4987459687068,2092.2805460210143,1.0
long,1,pump_gt100,fund_flat,pre2025,1,1,-2741.68461354391,-11.0257,-2797.71031354391,-2842.71031354391,,-2797.71031354391,0.0
long,1,pump_gt100,fund_flat,post2025,2,2,2133.0845960210145,4.195949999999999,2092.2805460210143,2047.2805460210145,805.1213442092939,2092.2805460210143,1.0
long,2,pump_gt100,fund_flat,pooled,5,5,743.6854281673741,-5.817940000000001,692.8674881673741,647.867488167374,1616.8659262180902,2009.2561804276122,0.6
long,2,pump_gt100,fund_flat,e2122,0,,,,,,,,
long,2,pump_gt100,fund_flat,e2324,2,2,-3088.6864823143424,-12.20245,-3145.8889323143426,-3190.888932314343,1277.8359263557807,-3145.8889323143426,0.0
long,2,pump_gt100,fund_flat,e2526,3,3,3298.600035155185,-1.5616000000000003,3252.038435155185,3207.038435155185,998.4557145782499,2051.8207003179655,1.0
long,2,pump_gt100,fund_flat,pre2025,2,2,-3088.6864823143424,-12.20245,-3145.8889323143426,-3190.888932314343,1253.1469322926866,-3145.8889323143426,0.0
long,2,pump_gt100,fund_flat,post2025,3,3,3298.600035155185,-1.5616000000000003,3252.038435155185,3207.038435155185,991.8491721740934,2051.8207003179655,1.0
short,1,pump_gt100,fund_pos,pooled,3,3,-20.504860546312432,118.70643333333334,53.20157278702095,8.201572787020957,1228.7495502354102,-835.4714826573169,0.3333333333333333
short,1,pump_gt100,fund_pos,e2122,0,,,,,,,,
short,1,pump_gt100,fund_pos,e2324,1,1,3001.385769579969,73.81739999999999,3030.203169579969,2985.203169579969,,3030.203169579969,1.0
short,1,pump_gt100,fund_pos,e2526,2,2,-1531.450175609453,141.15095,-1435.2992256094533,-1480.2992256094533,435.32252192421066,-1435.2992256094533,0.0
short,1,pump_gt100,fund_pos,pre2025,1,1,3001.385769579969,73.81739999999999,3030.203169579969,2985.203169579969,,3030.203169579969,1.0
short,1,pump_gt100,fund_pos,post2025,2,2,-1531.450175609453,141.15095,-1435.2992256094533,-1480.2992256094533,425.8198150391737,-1435.2992256094533,0.0
short,2,pump_gt100,fund_pos,pooled,2,2,-1239.5953978516725,99.5693,-1185.0260978516726,-1230.0260978516726,2306.5484659977315,-1185.0260978516726,0.5
short,2,pump_gt100,fund_pos,e2122,0,,,,,,,,
short,2,pump_gt100,fund_pos,e2324,1,1,2054.467531058429,43.2226,2052.6901310584285,2007.6901310584285,,2052.6901310584285,1.0
short,2,pump_gt100,fund_pos,e2526,1,1,-4533.658326761773,155.916,-4422.742326761774,-4467.742326761774,,-4422.742326761774,0.0
short,2,pump_gt100,fund_pos,pre2025,1,1,2054.467531058429,43.2226,2052.6901310584285,2007.6901310584285,,2052.6901310584285,1.0
short,2,pump_gt100,fund_pos,post2025,1,1,-4533.658326761773,155.916,-4422.742326761774,-4467.742326761774,,-4422.742326761774,0.0
long,1,pump_gt100,fund_pos,pooled,3,3,20.504860546312432,-118.70643333333334,-143.20157278702104,-188.20157278702104,1262.2602721532928,745.4714826573168,0.6666666666666666
long,1,pump_gt100,fund_pos,e2122,0,,,,,,,,
long,1,pump_gt100,fund_pos,e2324,1,1,-3001.385769579969,-73.81739999999999,-3120.203169579969,-3165.203169579969,,-3120.203169579969,0.0
long,1,pump_gt100,fund_pos,e2526,2,2,1531.450175609453,-141.15095,1345.299225609453,1300.299225609453,421.4764735549595,1345.299225609453,1.0
long,1,pump_gt100,fund_pos,pre2025,1,1,-3001.385769579969,-73.81739999999999,-3120.203169579969,-3165.203169579969,,-3120.203169579969,0.0
long,1,pump_gt100,fund_pos,post2025,2,2,1531.450175609453,-141.15095,1345.299225609453,1300.299225609453,420.4957062706741,1345.299225609453,1.0
long,2,pump_gt100,fund_pos,pooled,2,2,1239.5953978516725,-99.5693,1095.0260978516726,1050.0260978516724,2314.9254506464795,1095.0260978516726,0.5
long,2,pump_gt100,fund_pos,e2122,0,,,,,,,,
long,2,pump_gt100,fund_pos,e2324,1,1,-2054.467531058429,-43.2226,-2142.6901310584285,-2187.690131058429,,-2142.6901310584285,0.0
long,2,pump_gt100,fund_pos,e2526,1,1,4533.658326761773,-155.916,4332.742326761774,4287.742326761773,,4332.742326761774,1.0
long,2,pump_gt100,fund_pos,pre2025,1,1,-2054.467531058429,-43.2226,-2142.6901310584285,-2187.690131058429,,-2142.6901310584285,0.0
long,2,pump_gt100,fund_pos,post2025,1,1,4533.658326761773,-155.916,4332.742326761774,4287.742326761773,,4332.742326761774,1.0
short,1,pump_gt100,fund_none,pooled,0,,,,,,,,
short,1,pump_gt100,fund_none,e2122,0,,,,,,,,
short,1,pump_gt100,fund_none,e2324,0,,,,,,,,
short,1,pump_gt100,fund_none,e2526,0,,,,,,,,
short,1,pump_gt100,fund_none,pre2025,0,,,,,,,,
short,1,pump_gt100,fund_none,post2025,0,,,,,,,,
short,2,pump_gt100,fund_none,pooled,0,,,,,,,,
short,2,pump_gt100,fund_none,e2122,0,,,,,,,,
short,2,pump_gt100,fund_none,e2324,0,,,,,,,,
short,2,pump_gt100,fund_none,e2526,0,,,,,,,,
short,2,pump_gt100,fund_none,pre2025,0,,,,,,,,
short,2,pump_gt100,fund_none,post2025,0,,,,,,,,
long,1,pump_gt100,fund_none,pooled,0,,,,,,,,
long,1,pump_gt100,fund_none,e2122,0,,,,,,,,
long,1,pump_gt100,fund_none,e2324,0,,,,,,,,
long,1,pump_gt100,fund_none,e2526,0,,,,,,,,
long,1,pump_gt100,fund_none,pre2025,0,,,,,,,,
long,1,pump_gt100,fund_none,post2025,0,,,,,,,,
long,2,pump_gt100,fund_none,pooled,0,,,,,,,,
long,2,pump_gt100,fund_none,e2122,0,,,,,,,,
long,2,pump_gt100,fund_none,e2324,0,,,,,,,,
long,2,pump_gt100,fund_none,e2526,0,,,,,,,,
long,2,pump_gt100,fund_none,pre2025,0,,,,,,,,
long,2,pump_gt100,fund_none,post2025,0,,,,,,,,
