symbol,d0,era,pump01,crowd7d,d0_bars,funding_events_d0_d7
0GUSDT,2025-09-18,e2526,0.12203999999999993,7,17,109
10000000AIDOGEUSDT,2024-03-05,e2324,0.04132059800664467,2,14,24
1000000BABYDOGEUSDT,2024-06-11,e2324,0.06691733740673289,5,11,23
1000000CHEEMSUSDT,2024-11-25,e2324,-0.1646285338593031,8,13,23
1000000MOGUSDT,2024-05-16,e2324,0.11546943919344654,5,8,22
1000000PEIPEIUSDT,2024-07-04,e2324,0.04518236254763197,0,14,23
1000000VINUUSDT,2023-11-28,e2324,0.5106479796141246,7,14,23
10000COQUSDT,2024-03-12,e2324,0.09862081995087846,2,14,23
10000ELONUSDT,2025-02-10,e2526,-0.08979413053000429,4,15,46
10000LADYSUSDT,2023-05-11,e2324,-0.5576441102756893,1,11,23
10000NEXUSDT,2026-05-21,e2526,-0.19521246984598262,6,16,46
10000NFTUSDT,2022-01-24,e2122,0.0969101123595506,3,12,22
10000QUBICUSDT,2024-12-24,e2324,0.04724940938238276,7,14,23
10000SATSUSDT,2023-11-16,e2324,-0.02466960352422909,3,11,23
10000STARLUSDT,2023-10-20,e2324,0.5201143108375468,1,15,23
10000WENUSDT,2024-01-31,e2324,-0.22570493454179252,3,13,23
10000WHYUSDT,2024-10-04,e2324,-0.031751961150541685,3,14,23
1000APUUSDT,2024-06-20,e2324,-0.19238358326756122,3,13,23
1000BEERUSDT,2024-05-31,e2324,-0.06102789687621801,6,14,23
1000BONKUSDT,2023-01-06,e2324,-0.003892944038929369,0,15,23
1000BTTUSDT,2022-02-25,e2122,0.04756697648988517,5,14,22
1000CATSUSDT,2024-10-11,e2324,0.44897959183673475,3,15,23
1000CATUSDT,2024-09-13,e2324,0.0508315029808597,3,13,23
1000FLOKIUSDT,2023-02-24,e2324,-0.004331683168316891,3,13,23
1000IQ50USDT,2024-03-19,e2324,0.6142000000000001,7,12,23
1000LUNCUSDT,2022-09-09,e2122,-0.16193784983593906,0,15,24
1000MUMUUSDT,2024-09-23,e2324,0.34782608695652173,1,14,23
1000NEIROCTOUSDT,2024-09-16,e2324,0.9942380635260732,4,13,23
1000PEPEUSDT,2023-05-03,e2324,1.1236028214867066,1,13,23
1000RATSUSDT,2023-11-22,e2324,0.041226959335866065,5,15,23
1000TAGUSDT,2025-07-28,e2526,0.02629370629370631,4,15,46
1000TOSHIUSDT,2024-12-05,e2324,0.10192372595342558,5,15,23
1000TURBOUSDT,2024-02-29,e2324,0.5525372571212976,0,11,23
1000XECUSDT,2022-04-13,e2122,-0.0005431240495330503,6,14,22
1000XUSDT,2024-10-25,e2324,-0.20233406272793586,3,15,23
1CATUSDT,2023-12-27,e2324,-0.07468879668049788,2,10,23
1INCHUSDT,2021-12-06,e2122,0.056312981624184966,14,15,22
2ZUSDT,2025-10-02,e2526,0.04240848169633926,12,11,45
4USDT,2025-10-08,e2526,-0.3916349809885932,4,12,45
A2ZUSDT,2025-07-31,e2526,-0.10157194679564696,6,15,46
A8USDT,2024-07-22,e2324,-0.08981233243967834,5,12,23
AAOIUSDT,2026-06-09,e2526,-0.17637311759832353,15,15,23
AAPLUSDT,2026-04-28,e2526,0.01297390263964715,9,15,23
AAVEUSDT,2021-05-13,e2122,0.06206527554842145,1,15,22
ACEUSDT,2023-12-18,e2324,0.00015019525382986565,4,15,23
ACHUSDT,2022-04-08,e2122,-0.004326800712649459,5,13,22
ACTUSDT,2024-11-11,e2324,0.7024969549330085,3,15,23
ACUUSDT,2026-01-23,e2526,0.006878622109083077,6,16,46
ACXUSDT,2024-12-06,e2324,-0.318725921849202,6,14,23
ADBEUSDT,2026-06-29,e2526,0.01354424122590192,18,16,23
AERGOUSDT,2023-11-16,e2324,-0.07774227902023434,3,11,23
AEROUSDT,2024-07-15,e2324,0.048465266558966213,2,15,23
AEVOUSDT,2024-03-13,e2324,-0.012668507389962724,4,12,23
AGIUSDT,2023-11-17,e2324,0.09104367135455216,4,14,23
AGIXUSDT,2023-02-09,e2324,0.006854792642522645,2,12,23
AGLDUSDT,2022-04-22,e2122,-0.05589806822852428,4,16,22
AGTUSDT,2025-05-28,e2526,-0.06548616326766432,6,18,47
AI16ZUSDT,2024-12-30,e2324,0.19959404600811892,4,16,46
AIAUSDT,2025-09-18,e2526,0.017085166968677346,7,14,46
AIGENSYNUSDT,2026-04-30,e2526,-0.34219148161630875,10,19,47
AINUSDT,2025-07-10,e2526,0.36746799875117064,5,13,46
AIOUSDT,2025-08-13,e2526,-0.3070313869893039,5,11,45
AIOZUSDT,2024-06-13,e2324,-0.0422444372782973,6,14,23
AIUSDT,2024-01-17,e2324,-0.09564876519012155,2,15,24
AIXBTUSDT,2024-12-20,e2324,0.21311475409836067,7,15,23
AKEUSDT,2025-09-26,e2526,0.23071046600458356,5,11,45
AKROUSDT,2022-05-25,e2122,-0.18237367802585203,0,13,22
AKTUSDT,2024-06-26,e2324,0.04812319538017329,6,15,23
ALABUSDT,2026-06-29,e2526,0.2144195458292737,18,16,23
ALCHUSDT,2025-01-07,e2526,-0.04510834268170272,4,16,24
ALEOUSDT,2024-09-19,e2324,-0.15563711098062238,3,15,23
ALGOUSDT,2021-09-23,e2122,-0.07385332987820681,1,17,23
ALICEUSDT,2021-10-25,e2122,0.025523012552301383,7,17,23
ALLOUSDT,2025-11-14,e2526,-0.1163687198169957,2,12,45
ALPACAUSDT,2023-08-02,e2324,-0.04287132760936874,5,16,23
ALPHAUSDT,2022-03-30,e2122,0.01374653322078867,6,15,22
ALPINEUSDT,2025-08-14,e2526,0.6763580719204285,6,15,46
ALTUSDT,2024-01-25,e2324,0.23481228668942,3,11,23
ALUUSDT,2025-01-14,e2526,-0.04754246011322705,4,14,46
AMATUSDT,2026-06-05,e2526,-0.07008536434492141,12,16,23
AMBUSDT,2023-06-05,e2324,-0.030575539568345356,1,15,23
AMDSTOCKUSDT,2026-05-28,e2526,0.04838939421687738,5,16,23
AMZNUSDT,2026-04-28,e2526,0.03618332886625564,9,15,23
ANCUSDT,2022-03-15,e2122,0.17934377330350482,2,17,23
ANIMEUSDT,2025-01-23,e2526,-0.37415103902686264,8,10,85
ANKRUSDT,2021-11-24,e2122,0.027572016460905457,10,17,23
ANTUSDT,2021-12-17,e2122,-0.0744849445324881,5,20,23
APEUSDT,2022-03-18,e2122,0.06784285194616224,3,21,23
APEXUSDT,2025-09-28,e2526,0.06016898008449001,7,16,45
API3USDT,2022-02-28,e2122,0.23125000000000018,6,17,23
APRUSDT,2025-10-23,e2526,0.8309197651663405,7,12,45
APTUSDT,2022-10-19,e2122,0.004095563139931757,0,22,24
ARBUSDT,2023-03-23,e2324,0.001572945340149401,3,10,23
ARCUSDT,2025-01-03,e2526,0.3250397203686053,3,15,46
ARIAUSDT,2025-09-03,e2526,0.12739751786385867,5,11,45
ARKMUSDT,2023-07-28,e2324,-0.09581411539465678,2,22,24
ARKUSDT,2023-08-01,e2324,0.0031477682676663843,4,13,23
ARMUSDT,2026-05-13,e2526,0.06121874560210161,10,15,23
ARPAUSDT,2022-04-20,e2122,-0.07856544794864628,2,12,22
ARUSDT,2021-12-20,e2122,0.03252805782765833,2,15,22
ARXUSDT,2026-06-23,e2526,-0.3703107019562716,6,20,47
ASMLUSDT,2026-06-26,e2526,-0.00719977863862753,15,16,23
ASPUSDT,2025-07-24,e2526,-0.25307557117750434,2,12,45
ASRUSDT,2025-08-14,e2526,-0.14327942966440632,6,15,46
ASTERUSDT,2025-09-19,e2526,1.3647142857142858,5,15,46
ASTRUSDT,2022-04-04,e2122,0.062271953296034965,5,18,23
ASTSUSDT,2026-06-04,e2526,-0.12430462305774037,7,15,23
ATAUSDT,2023-08-08,e2324,-0.0053859964093357915,3,13,23
ATHUSDT,2024-06-13,e2324,-0.22996193023973655,6,15,23
ATOMUSDT,2021-10-11,e2122,0.011164755582377728,4,21,23
ATUSDT,2025-10-29,e2526,0.012598425196850283,8,10,45
AUCTIONUSDT,2023-07-28,e2324,0.06435137895812049,2,14,24
AUDIOUSDT,2021-11-26,e2122,0.10684436412920739,13,15,23
AUSDT,2025-05-28,e2526,-0.10586403736377792,6,16,46
AVAAIUSDT,2025-01-08,e2526,0.2838751909229762,5,14,23
AVAILUSDT,2024-07-23,e2324,0.4683585808905504,6,9,23
AVAUSDT,2024-12-16,e2324,-0.25431242593161574,6,14,23
AVAXUSDT,2021-09-15,e2122,0.250600850434461,1,16,22
AVGOUSDT,2026-05-12,e2526,-0.016028054980229745,10,15,23
AVLUSDT,2025-02-20,e2526,0.05256327060350441,6,13,46
AVNTUSDT,2025-09-09,e2526,0.2717744850018069,4,10,45
AWEUSDT,2025-05-22,e2526,-0.06683132355077737,3,15,46
AXLUSDT,2023-12-07,e2324,-0.028994447871684148,1,12,23
AXSUSDT,2021-08-31,e2122,-0.006249160059131897,4,11,22
AXTIUSDT,2026-06-16,e2526,-0.1566254258561952,3,14,23
AZTECUSDT,2026-02-12,e2526,0.4688911322458955,2,17,47
B2USDT,2025-06-09,e2526,-0.13827691205445103,3,15,46
B3USDT,2025-02-12,e2526,-0.07543874241038018,6,14,91
BABAUSDT,2026-05-13,e2526,0.03687714933782127,10,16,23
BABYUSDT,2025-04-03,e2526,0.11580698835274528,3,13,47
BADGERUSDT,2023-08-16,e2324,-0.10979036092500538,6,13,23
BAKEUSDT,2022-04-01,e2122,-0.13482335976928628,7,17,23
BALUSDT,2022-04-08,e2122,-0.13746188130424586,5,13,22
BANANAS31USDT,2025-03-28,e2526,-0.06040028591851332,3,15,46
BANANAUSDT,2024-07-19,e2324,-0.06005580471272265,4,13,23
BANDUSDT,2022-02-23,e2122,-0.09670050761421312,2,13,22
BANKUSDT,2025-05-08,e2526,0.28991220211431634,4,15,46
BANUSDT,2024-11-18,e2324,0.032362459546925404,8,15,23
BARDUSDT,2025-09-16,e2526,0.20111111111111102,6,14,143
BASEDUSDT,2026-03-30,e2526,-0.34475218658892126,3,16,46
BATUSDT,2021-11-24,e2122,0.38375486381322954,10,17,23
BBUSDT,2024-05-14,e2324,0.08046272493573259,4,12,23
BBXUSDT,2026-06-23,e2526,0.1302376868414603,6,16,23
BDXNUSDT,2025-06-03,e2526,-0.24145299145299148,3,13,46
BEAMUSDT,2023-11-14,e2324,-0.12381283298586976,1,13,23
BEATUSDT,2025-11-21,e2526,-0.0558438862362467,3,13,46
BELUSDT,2022-06-17,e2122,-0.07942449409287633,0,17,23
BENDOGUSDT,2024-06-03,e2324,0.591807402084082,4,15,23
BERAUSDT,2025-02-06,e2526,-0.3354967116649359,0,11,89
BEUSDT,2026-05-28,e2526,-0.036574121503944235,5,16,23
BICOUSDT,2021-12-03,e2122,-0.14755077658303462,13,16,23
BIGTIMEUSDT,2023-10-12,e2324,-0.12172829248026584,5,11,23
BILLUSDT,2026-05-06,e2526,0.48337807144332023,4,18,47
BILLYUSDT,2024-11-27,e2324,-0.17602266690278023,7,15,23
BIOUSDT,2024-12-25,e2324,0.17929577464788737,7,16,23
BIRBUSDT,2026-01-28,e2526,0.4806542384804784,4,13,172
BLASTUSDT,2024-06-27,e2324,-0.12245317121261912,4,14,23
BLENDUSDT,2026-04-29,e2526,-0.32580321285140557,10,14,46
BLESSUSDT,2025-09-24,e2526,-0.3877467105263157,5,14,46
BLUAIUSDT,2025-10-24,e2526,0.31770615320217654,4,12,46
BLUEUSDT,2024-12-18,e2324,-0.06368989409292347,7,16,23
BLURUSDT,2023-02-15,e2324,0.13900600485498926,6,17,24
BLZUSDT,2022-06-06,e2122,0.1397196261682243,3,15,22
BMNRUSDT,2026-05-14,e2526,-0.06565514657675364,11,16,23
BMTUSDT,2025-03-13,e2526,0.3226852407829952,4,16,46
BNBUSDT,2021-06-29,e2122,0.008492922564529604,4,17,23
BNTUSDT,2023-08-07,e2324,0.048362528560548235,5,17,24
BNXUSDT,2023-02-28,e2324,-0.9429166666666666,1,17,24
BOBAUSDT,2022-04-07,e2122,-0.05847255369928395,4,12,22
BOBBOBUSDT,2025-11-24,e2526,-0.051004551004551035,1,16,46
BOMEUSDT,2024-03-15,e2324,3.269944909202204,5,14,23
BONDUSDT,2023-10-16,e2324,-0.226938068427891,6,15,23
BOTUSDT,2026-07-01,e2526,-0.11359766480175149,11,16,23
BPUSDT,2026-03-16,e2526,0.11121212121212132,0,14,46
BRETTUSDT,2024-04-26,e2324,-0.17466974208429442,2,12,23
BREVUSDT,2025-12-30,e2526,-0.09933333333333338,3,10,45
BROCCOLIUSDT,2025-02-14,e2526,-0.41857300239777073,8,12,45
BRUSDT,2025-03-20,e2526,0.23069194185812836,5,11,45
BSBUSDT,2026-03-26,e2526,0.6230294722412613,2,19,47
BSUUSDT,2025-08-27,e2526,-0.17959647627166808,4,14,46
BSVUSDT,2021-12-10,e2122,0.03674242424242413,7,16,23
BSWUSDT,2022-03-23,e2122,-0.04340704340704349,5,15,22
BTRUSDT,2025-08-27,e2526,-0.25326827471920454,4,13,46
BTTUSDT,2021-12-08,e2122,-0.13329764453961457,9,14,22
BTWUSDT,2026-06-05,e2526,0.41319717203456396,12,16,46
BUSDT,2025-05-23,e2526,0.08485671506668058,5,18,47
BUSDUSDT,2023-02-14,e2324,0.010720064724919043,5,17,24
BUZZUSDT,2025-01-22,e2526,-0.2225065425995928,8,13,46
BZUSDT,2026-05-13,e2526,-0.015041943881978437,10,16,23
C98USDT,2021-10-25,e2122,0.04197844007609386,7,17,23
CAKEUSDT,2023-11-03,e2324,0.2819807427785421,4,12,23
CAMPUSDT,2025-08-28,e2526,0.18590882178804025,4,16,46
CANTOUSDT,2024-05-23,e2324,0.19789695057833856,4,16,23
CAPUSDT,2026-06-29,e2526,0.13921971252566734,18,21,48
CARVUSDT,2024-10-16,e2324,-0.12157721796276011,3,15,23
CATIUSDT,2024-09-11,e2324,-0.16829679595278235,2,17,23
CBRSUSDT,2026-05-19,e2526,-0.016367781672168014,12,15,23
CCUSDT,2025-10-31,e2526,0.1301473230326986,6,10,45
CEEKUSDT,2022-07-18,e2122,0.01307306590257884,0,14,22
CELOUSDT,2022-01-05,e2122,-0.12716967764789233,1,13,22
CELRUSDT,2021-10-25,e2122,0.027310924369747802,7,17,23
CETUSUSDT,2024-02-05,e2324,-0.00617235721540732,4,17,24
CFGUSDT,2026-03-17,e2526,-0.12952731737262113,1,20,47
CFXUSDT,2023-02-21,e2324,-0.16720474289739384,4,22,24
CGPTUSDT,2025-01-10,e2526,-0.04042823766007142,7,13,90
CHESSUSDT,2024-09-02,e2324,0.0042787286063570296,2,15,23
CHILLGUYUSDT,2024-11-21,e2324,-0.270920245398773,8,14,23
CHIPUSDT,2026-04-16,e2526,-0.003474232773595931,1,14,46
CHRUSDT,2021-11-18,e2122,0.0800037167812675,4,17,23
CHZUSDT,2021-10-12,e2122,0.10664187933074198,10,21,23
CIENUSDT,2026-06-29,e2526,0.006289825282631112,18,16,23
CKBUSDT,2022-02-15,e2122,0.041479433114414155,3,16,22
CLANKERUSDT,2025-04-28,e2526,-0.02801519468186131,5,14,46
CLOUDUSDT,2024-07-19,e2324,0.03987935656836461,4,14,23
CLOUSDT,2025-10-17,e2526,0.15671641791044788,7,12,45
CLUSDT,2026-03-24,e2526,0.02703708297159868,1,16,47
COAIUSDT,2025-10-02,e2526,-0.18967558607624913,12,16,46
COCOSUSDT,2023-02-20,e2324,0.12272435210965948,3,12,23
COHRUSDT,2026-06-16,e2526,-0.0766689805395313,3,14,23
COINUSDT,2026-04-29,e2526,-0.02355326782093281,10,16,23
COMBOUSDT,2023-06-08,e2324,-0.03644067796610162,4,14,23
COMMONUSDT,2025-10-27,e2526,-0.4423791821561338,7,11,45
COMPUSDT,2021-08-31,e2122,0.08380520951302373,4,11,22
COOKIEUSDT,2025-01-07,e2526,-0.07908391483270694,4,16,24
COOKUSDT,2024-12-02,e2324,0.19091673675357446,4,16,24
COREUSDT,2023-02-09,e2324,-0.3774207278144286,2,13,23
COSUSDT,2024-05-09,e2324,-0.05067802503477048,2,15,23
COTIUSDT,2021-12-03,e2122,-0.15595105672969967,13,16,23
COVALUSDT,2024-03-08,e2324,0.08330914368650211,1,15,23
COWUSDT,2024-11-08,e2324,-0.029783761729906155,1,14,23
CPOOLUSDT,2025-03-06,e2526,-0.23942701227830832,1,14,46
CRCLUSDT,2026-05-06,e2526,-0.04512742358818045,4,16,23
CRDOUSDT,2026-06-23,e2526,0.0014926434003839084,6,16,23
CREAMUSDT,2022-01-17,e2122,-0.09193776520509189,3,14,22
CROSSUSDT,2025-07-10,e2526,0.22462968799243632,5,13,46
CROUSDT,2021-11-23,e2122,0.19967804681735868,6,16,22
CRVUSDT,2021-10-25,e2122,0.1195468787659677,7,17,23
CRWVUSDT,2026-05-12,e2526,-0.008115737473535667,10,16,23
CSCOUSDT,2026-05-20,e2526,0.027425794132962977,10,16,23
CTCUSDT,2022-05-17,e2122,-0.07126436781609191,0,14,22
CTKUSDT,2021-12-03,e2122,-0.2466547725245316,13,16,23
CTRUSDT,2026-06-09,e2526,-0.18586387434554974,15,16,46
CTSIUSDT,2022-03-23,e2122,0.019414928505837592,5,15,22
CUDISUSDT,2025-06-12,e2526,0.004247143290524669,5,16,46
CUSDT,2025-07-15,e2526,-0.3508771929824561,7,14,46
CVCUSDT,2021-12-01,e2122,-0.052074139452780166,13,11,22
CVXUSDT,2022-04-20,e2122,-0.0379251700680272,2,11,22
CYBERUSDT,2023-08-16,e2324,-0.20704205157616606,6,20,24
CYSUSDT,2025-12-12,e2526,0.07122507122507127,3,13,46
DAMUSDT,2025-08-18,e2526,-0.3785523236375794,4,11,45
DAOUSDT,2024-03-27,e2324,0.030680352235122443,0,13,23
DARKUSDT,2025-04-27,e2526,-0.25839793281653745,4,17,47
DARUSDT,2022-05-02,e2122,0.16482617586912074,4,14,22
DASHUSDT,2021-10-12,e2122,0.038516001132823385,10,21,23
DBRUSDT,2024-10-17,e2324,0.11714556362488171,5,13,23
DEEPUSDT,2024-10-17,e2324,0.5045235223160431,5,12,23
DEGENUSDT,2024-04-01,e2324,-0.2477064220183487,5,10,23
DELLUSDT,2026-06-02,e2526,-0.14104943478994447,4,16,23
DENTUSDT,2022-01-14,e2122,-0.00349087003222337,4,14,22
DEXEUSDT,2024-07-25,e2324,0.015212765957446583,7,14,23
DGBUSDT,2022-03-28,e2122,-0.1190349946977729,6,14,22
DIAUSDT,2025-07-23,e2526,-0.02153061224489794,2,16,46
DMCUSDT,2025-07-03,e2526,-0.07472836707574448,2,13,46
DODOUSDT,2022-04-22,e2122,-0.040581102173129935,4,16,23
DOGEUSDT,2021-06-02,e2122,-0.05493987267153966,0,14,22
DOGSUSDT,2024-08-26,e2324,0.03862300587741396,5,11,23
DOGUSDT,2024-06-04,e2324,0.006636694497966111,6,14,23
DOLOUSDT,2025-07-28,e2526,-0.1544632828796063,4,15,46
DOODUSDT,2025-05-09,e2526,0.1119945167923233,5,11,45
DOP1USDT,2024-07-10,e2324,0.12266634020934064,1,15,23
DRAMUSDT,2026-05-19,e2526,0.07329712698478508,12,15,23
DRIFTUSDT,2024-05-21,e2324,0.48040394325559044,6,14,23
DUCKUSDT,2025-01-16,e2526,-0.24064521411610584,4,14,46
DUSKUSDT,2021-12-17,e2122,-0.09877474081055604,5,19,23
DYDXUSDT,2021-10-11,e2122,-0.10040322580645167,4,18,23
DYMUSDT,2024-02-07,e2324,0.4292165717651679,3,20,24
EDENUSDT,2025-09-30,e2526,-0.3728731161886242,10,13,46
EDGEUSDT,2026-03-20,e2526,-0.012433900242961315,2,20,48
EDUUSDT,2023-05-05,e2324,-0.09164081495765919,2,15,23
EGLDUSDT,2021-11-23,e2122,-0.14339128809123203,6,16,22
EIGENUSDT,2024-08-07,e2324,-0.14645491803278687,2,17,23
ELSAUSDT,2026-01-22,e2526,-0.23919412268445484,3,17,185
ELXUSDT,2025-03-12,e2526,-0.11474785918173158,4,14,47
ENAUSDT,2024-04-02,e2324,0.9184846947404024,6,13,23
ENJUSDT,2021-11-01,e2122,0.25865539452495967,1,16,22
ENSOUSDT,2025-10-14,e2526,0.10538865045302814,5,15,46
ENSUSDT,2021-11-12,e2122,-0.09542419801335289,5,19,23
EOSUSDT,2021-06-29,e2122,0.04078549848942603,4,18,23
EPICUSDT,2025-03-14,e2526,0.12821020664157934,4,16,46
EPTUSDT,2025-04-21,e2526,-0.35981547924141466,2,12,45
ERAUSDT,2025-07-17,e2526,0.028106958371315605,5,8,177
ESPORTSUSDT,2025-07-29,e2526,-0.37624923959329104,6,14,46
ESPUSDT,2026-02-10,e2526,-0.10804914456309567,1,14,46
ESUSDT,2025-07-16,e2526,-0.045895281189398784,8,14,46
ETCUSDT,2021-06-29,e2122,0.25403577661431065,4,17,23
ETHBTCUSDT,2024-06-07,e2324,-0.006320474222562988,5,14,23
ETHFIUSDT,2024-03-18,e2324,-0.11702750146284391,7,10,23
ETHWUSDT,2022-09-16,e2122,-0.34427510746385304,0,13,23
EULUSDT,2025-10-14,e2526,-0.04966693934790234,5,16,46
EVAAUSDT,2025-10-17,e2526,0.05230244457077893,7,12,45
EWJUSDT,2026-05-07,e2526,0.003145336225596429,7,16,23
EWTUSDT,2026-06-04,e2526,-0.06547447360830694,7,15,23
EWYUSDT,2026-05-07,e2526,0.06537383947700937,7,16,23
FARTCOINUSDT,2024-12-20,e2324,-0.20063821300358986,7,15,23
FBUSDT,2024-09-25,e2324,0.05216752387950052,3,14,23
FDUSDUSDT,2024-08-16,e2324,-0.0010991207034370953,1,14,23
FETUSDT,2023-02-09,e2324,-0.10360216767612374,2,17,24
FFUSDT,2025-09-29,e2526,-0.5206818751566809,9,10,177
FHEUSDT,2026-01-07,e2526,-0.12060737527114973,1,16,46
FIDAUSDT,2024-09-25,e2324,-0.061585197459265384,3,15,23
FIGHTUSDT,2026-01-23,e2526,0.03125,6,12,46
FILUSDT,2021-06-29,e2122,0.05201605864897885,4,17,23
FIOUSDT,2024-09-26,e2324,0.01498021481062728,3,16,23
FIREUSDT,2024-05-09,e2324,0.015969722145296794,2,15,23
FISUSDT,2025-07-28,e2526,-0.08918075611348952,4,15,46
FITFIUSDT,2022-05-10,e2122,-0.6105011933174224,2,16,22
FLMUSDT,2022-05-02,e2122,0.006545670931270342,4,14,22
FLNCUSDT,2026-06-16,e2526,-0.006630750103605476,3,14,23
FLOCKUSDT,2025-01-09,e2526,0.0907638223074465,7,14,46
FLOWUSDT,2021-11-26,e2122,0.005922165820642977,13,15,22
FLRUSDT,2023-03-17,e2324,0.03370396108408613,3,21,24
FLUIDUSDT,2025-09-24,e2526,-0.26256248355695877,5,12,46
FLUXUSDT,2024-09-04,e2324,-0.09853772017281492,2,16,23
FOGOUSDT,2026-01-11,e2526,-0.07834385100815755,3,16,47
FOLKSUSDT,2025-12-09,e2526,0.2534049030604071,2,13,106
FORMUSDT,2025-03-19,e2526,0.002951593860684776,5,14,46
FORTHUSDT,2023-08-01,e2324,-0.013971462544589808,4,15,23
FOXYUSDT,2024-04-12,e2324,-0.19867477137068068,3,13,23
FRAGUSDT,2025-07-01,e2526,-0.42062362530728425,2,15,46
FRONTUSDT,2023-09-18,e2324,0.3964883820792977,0,12,23
FTMUSDT,2021-09-23,e2122,-0.044240733359904305,1,18,23
FTNUSDT,2024-05-16,e2324,0.006469689251146216,5,14,23
FTTUSDT,2021-10-12,e2122,0.014995313964386137,10,21,23
FUELUSDT,2024-12-31,e2324,0.056017830609212504,4,14,46
FUNUSDT,2023-12-14,e2324,0.08212861415752748,3,14,23
FUSDT,2024-12-06,e2324,-0.25783499915297303,6,14,23
FWOGUSDT,2024-11-12,e2324,0.20780342022248055,4,15,23
FXSUSDT,2022-04-04,e2122,-0.13752609603340304,5,18,23
GALAUSDT,2021-11-09,e2122,-0.10444662952037587,2,16,22
GALUSDT,2022-05-05,e2122,-0.08429520811472546,3,9,22
GASUSDT,2023-10-23,e2324,-0.044656606097936535,2,14,23
GEMSUSDT,2024-12-05,e2324,-0.1252601599298938,5,13,23
GENIUSUSDT,2026-04-16,e2526,0.2226898123794494,1,16,46
GFTUSDT,2023-02-10,e2324,0.14109647258818536,3,14,23
GIGAUSDT,2024-12-12,e2324,0.012366983031348866,4,15,23
GIGGLEUSDT,2025-10-09,e2526,0.11072628043660782,3,12,45
GLMRUSDT,2022-03-30,e2122,-0.08096215899090642,6,12,22
GLMUSDT,2023-08-10,e2324,-0.0680727023319615,4,16,24
GLWUSDT,2026-06-24,e2526,0.09717053275554433,11,16,24
GMEUSDT,2024-06-11,e2324,-0.02337058256282254,5,14,23
GMTUSDT,2022-03-19,e2122,-0.1994732464652066,5,16,22
GMXUSDT,2022-10-10,e2122,-0.11313953488372097,0,13,23
GNOUSDT,2024-05-14,e2324,0.0025490055288288627,4,12,23
GOATUSDT,2024-10-23,e2324,0.06240000000000001,4,15,23
GODSUSDT,2023-11-22,e2324,0.2246188174042396,5,17,24
GOMININGUSDT,2024-10-02,e2324,-0.05903403110747274,3,16,23
GOOGLUSDT,2026-04-27,e2526,0.01699205679536786,7,16,23
GORKUSDT,2025-05-05,e2526,-0.5388198757763976,3,14,46
GPSUSDT,2025-02-18,e2526,0.05021682567215957,6,16,46
GPTUSDT,2023-03-17,e2324,-0.25667707249393,3,21,24
GRAMUSDT,2026-06-22,e2526,-0.04750378214826023,4,14,46
GRASSUSDT,2024-10-17,e2324,-0.16482456140350876,5,15,23
GRIFFAINUSDT,2024-12-20,e2324,0.2682214072885629,7,16,23
GRTUSDT,2021-12-06,e2122,0.08853754940711478,14,15,22
GSTUSDT,2022-05-02,e2122,,4,16,22
GTCUSDT,2021-11-29,e2122,-0.12290502793296099,13,13,22
GUNUSDT,2025-03-31,e2526,-0.40735169690702266,3,11,45
GUSDT,2024-07-25,e2324,0.02261927390230012,7,14,23
GWEIUSDT,2026-05-18,e2526,-0.04949784791965561,12,16,46
HAEDALUSDT,2025-04-30,e2526,0.5443890274314216,6,12,46
HANAUSDT,2025-10-17,e2526,-0.04047530634979579,7,12,45
HBARUSDT,2021-10-25,e2122,0.030558482613277205,7,17,23
HEIUSDT,2025-02-14,e2526,-0.1376766287357759,8,15,46
HEMIUSDT,2025-09-23,e2526,0.1054868624420402,4,11,45
HFTUSDT,2023-03-14,e2324,0.0006913716814160864,2,14,23
HIFIUSDT,2023-08-28,e2324,-0.010613857746737732,2,12,23
HIGHUSDT,2023-02-17,e2324,0.07567397130695253,3,15,23
HIPPOUSDT,2024-11-14,e2324,0.21206318812829106,8,15,23
HIVEUSDT,2024-12-23,e2324,-0.027034407427635188,7,14,37
HMSTRUSDT,2024-09-13,e2324,-0.7095,3,15,23
HNTUSDT,2022-01-24,e2122,0.2389723703344644,3,12,22
HOLOUSDT,2025-09-11,e2526,-0.24371815146722897,3,12,75
HOMEUSDT,2025-06-10,e2526,0.2406396255850234,4,13,46
HOODUSDT,2026-04-22,e2526,-0.05912539045069165,5,15,23
HOOKUSDT,2023-02-13,e2324,0.09932517924926199,4,21,24
HOTUSDT,2022-03-28,e2122,-0.07034277198211625,6,15,22
HPEUSDT,2026-06-26,e2526,-0.051259774109470024,15,16,23
HPOS10IUSDT,2024-10-21,e2324,-0.11042756075053828,4,14,23
HUMAUSDT,2025-05-26,e2526,-0.18369880016549445,4,11,45
HUSDT,2025-06-25,e2526,-0.48654361343918207,2,15,57
HYPERUSDT,2025-04-22,e2526,-0.07513491075134915,2,12,45
HYPEUSDT,2024-12-05,e2324,0.0868840579710144,5,12,23
HYUNDAIUSDT,2026-06-04,e2526,-0.10236034955448947,7,21,24
IBMUSDT,2026-06-05,e2526,-0.06498447982377098,12,16,23
ICNTUSDT,2025-07-03,e2526,-0.39561443581544087,2,11,46
ICPUSDT,2021-09-15,e2122,-0.0020650490449147796,1,16,22
ICXUSDT,2022-04-13,e2122,0.0076195480819758465,6,13,22
IDEXUSDT,2023-05-23,e2324,-0.06911057692307687,2,15,23
IDUSDT,2023-03-24,e2324,-0.12562257885998906,2,14,24
IGUUSDT,2023-12-06,e2324,0.28993556987336144,0,14,23
ILVUSDT,2021-11-26,e2122,0.05572049989643024,13,15,22
IMXUSDT,2021-11-24,e2122,0.12585978037890655,10,17,23
INITUSDT,2025-04-14,e2526,-0.30949367088607604,5,13,45
INJUSDT,2022-08-17,e2122,-0.12410736271854228,0,17,24
INTCUSDT,2026-04-22,e2526,0.18441289559301977,5,15,23
INUSDT,2025-08-07,e2526,0.14602076124567476,4,14,46
INXUSDT,2026-01-29,e2526,-0.23974729241877246,4,15,46
IOSTUSDT,2021-10-12,e2122,0.07197043376774959,10,21,23
IOTAUSDT,2021-12-29,e2122,-0.05038371705038369,2,13,22
IOTXUSDT,2021-11-12,e2122,0.3147433995846929,5,19,23
IOUSDT,2024-06-11,e2324,0.6915083135391924,5,10,23
IPUSDT,2025-02-07,e2526,-0.3773119605425401,1,12,45
IRENUSDT,2026-06-09,e2526,-0.15871696858899786,15,15,23
IRYSUSDT,2025-11-27,e2526,-0.19774290946889073,3,18,47
IWMUSDT,2026-05-14,e2526,-0.014169611307420449,11,16,23
JAILSTOOLUSDT,2025-02-14,e2526,-0.1979480989740494,8,14,46
JASMYUSDT,2022-01-19,e2122,-0.01023391812865504,4,15,22
JCTUSDT,2025-11-17,e2526,-0.05729564553093969,5,14,46
JELLYJELLYUSDT,2025-01-30,e2526,-0.7228088701161564,3,18,47
JOEUSDT,2023-03-29,e2324,0.09848002184399762,2,16,24
JSTUSDT,2022-02-25,e2122,0.1001885902876003,5,15,22
JTOUSDT,2023-12-08,e2324,0.14793303723949425,2,20,24
JUPUSDT,2024-01-31,e2324,-0.11745799853907968,3,7,22
JUSDT,2025-01-22,e2526,-0.40617005267118134,8,12,45
KAIAUSDT,2024-11-01,e2324,-0.06318082788671009,2,15,23
KAITOUSDT,2025-02-20,e2526,0.22906956671845324,6,11,89
KASUSDT,2023-08-04,e2324,0.015037593984962294,4,13,23
KATUSDT,2026-03-02,e2526,-0.3512938674228997,1,16,47
KAVAUSDT,2022-01-10,e2122,0.1375351452671041,4,13,22
KDAUSDT,2022-03-15,e2122,0.024824432467744684,2,17,23
KEEPUSDT,2021-11-16,e2122,-0.06444879321591646,3,22,23
KERNELUSDT,2025-04-14,e2526,-0.30764688514909955,5,12,45
KEYUSDT,2023-05-29,e2324,0.20210405782580687,1,14,23
KGENUSDT,2025-10-07,e2526,-0.16065232477446223,5,9,45
KITEUSDT,2025-10-29,e2526,0.16848920863309358,8,11,87
KLACUSDT,2026-06-26,e2526,-0.015569430174662169,15,16,23
KLAYUSDT,2021-12-10,e2122,0.029612756264236983,7,16,23
KMNOUSDT,2024-10-09,e2324,0.16564488143435518,2,14,23
KNCUSDT,2022-01-10,e2122,-0.007763401109057266,4,14,22
KOMAUSDT,2024-12-10,e2324,-0.1704109589041095,7,10,23
KORUUSDT,2026-06-24,e2526,0.15487882147948673,11,16,24
KSMUSDT,2021-10-12,e2122,0.15941111287003307,10,21,23
KUSDT,2025-08-08,e2526,-0.31966322650733303,6,16,46
L3USDT,2024-07-31,e2324,-0.18283106960950768,3,15,23
LABUSDT,2025-10-27,e2526,-0.15087890625,7,15,46
LAIUSDT,2024-04-26,e2324,-0.0009000900090007091,2,11,23
LAUNCHCOINUSDT,2025-05-14,e2526,0.15336968606067014,3,14,46
LAUSDT,2025-06-05,e2526,-0.0922265212803377,1,18,182
LDOUSDT,2022-07-21,e2122,0.03653585926928282,1,17,23
LEVERUSDT,2023-06-05,e2324,-0.0450928381962864,1,12,23
LFTUSDT,2024-05-16,e2324,0.3821584126472011,5,8,22
LIGHTUSDT,2025-09-27,e2526,0.05821955215729102,6,11,45
LINAUSDT,2022-04-20,e2122,-0.13503422526446807,2,12,22
LINEAUSDT,2025-09-01,e2526,-0.33782757311052036,4,14,46
LISTAUSDT,2024-06-21,e2324,-0.15884279475982543,4,13,23
LITEUSDT,2026-05-12,e2526,-0.00027866127280939956,10,16,23
LITUSDT,2025-12-30,e2526,-0.06684210526315792,3,11,46
LLYUSDT,2026-05-14,e2526,-0.011899848672444646,11,16,23
LOOKSUSDT,2022-01-24,e2122,0.07983682983682994,3,13,22
LOOMUSDT,2023-09-21,e2324,0.7819591141396933,2,13,23
LPTUSDT,2021-12-13,e2122,-0.09165526675786584,8,14,22
LQTYUSDT,2023-03-13,e2324,0.1615925058548009,1,14,23
LRCUSDT,2021-11-11,e2122,-0.07755349825466684,3,21,23
LRCXUSDT,2026-06-24,e2526,0.05567157471780915,11,16,24
LSKUSDT,2024-01-03,e2324,-0.1661538461538462,1,14,23
LTOUSDT,2024-04-01,e2324,-0.12038095238095248,5,10,23
LUCEUSDT,2024-11-19,e2324,-0.2910256410256411,11,15,23
LUMIAUSDT,2024-10-25,e2324,0.018617021276595924,3,15,23
LUNA2USDT,2022-05-31,e2122,-0.26577546165175037,2,14,22
LUNAUSDT,2021-10-11,e2122,-0.06539272862638057,4,20,23
LYNUSDT,2025-10-06,e2526,-0.158200290275762,6,16,46
MAGICUSDT,2022-12-13,e2122,-0.20579248040387943,0,18,24
MAGMAUSDT,2025-12-26,e2526,0.0317424069422243,1,17,47
MAJORUSDT,2024-11-19,e2324,0.08500108500108494,11,18,24
MANAUSDT,2021-11-08,e2122,-0.04888059701492542,0,18,23
MANEKIUSDT,2024-06-26,e2324,0.2262697022767075,6,15,23
MANTAUSDT,2024-01-18,e2324,-0.06378086170727781,2,12,23
MAPOUSDT,2024-05-23,e2324,-0.028887784796649996,4,16,23
MASAUSDT,2024-05-21,e2324,0.1654802434746725,6,14,23
MASKUSDT,2021-12-03,e2122,-0.21880172128434294,13,16,23
MATICUSDT,2021-06-29,e2122,0.017899240373701275,4,18,23
MAVIAUSDT,2024-02-07,e2324,0.21036585365853666,3,13,23
MAVUSDT,2023-06-28,e2324,-0.23450678401173453,0,13,23
MAXUSDT,2024-08-06,e2324,-0.07699825273195726,1,15,23
MBLUSDT,2023-11-14,e2324,-0.06690296854231281,1,12,23
MBOXUSDT,2024-01-19,e2324,0.1283201103828906,4,15,23
MCUSDT,2023-08-15,e2324,-0.17171381951934517,2,14,23
MDTUSDT,2023-06-30,e2324,0.055116450627041846,1,14,23
MEGAUSDT,2025-10-23,e2526,-0.13551779935275077,7,12,45
MELANIAUSDT,2025-01-20,e2526,-0.6137143917602301,8,19,47
MEMEFIUSDT,2024-11-13,e2324,0.08046244568590932,6,16,23
MEMEUSDT,2023-11-03,e2324,0.12382655341975846,4,12,23
MERLUSDT,2024-04-19,e2324,-0.015259818488474908,2,12,23
METAUSDT,2026-04-27,e2526,-0.005769401461581669,7,15,23
METISUSDT,2024-01-03,e2324,0.06765840220385666,1,13,23
METUSDT,2025-10-10,e2526,-0.06786982248520712,4,13,46
MEUSDT,2024-11-26,e2324,-0.0996103896103896,5,15,23
MEWUSDT,2024-04-23,e2324,0.2216595247370472,3,11,23
MICHIUSDT,2025-01-27,e2526,-0.10858641031243166,5,14,47
MILKUSDT,2025-05-06,e2526,-0.15850622406639003,4,13,46
MINAUSDT,2022-04-07,e2122,-0.016353725015142317,4,13,22
MIRAUSDT,2025-09-26,e2526,-0.23275590551181102,5,12,177
MITOUSDT,2025-08-29,e2526,-0.1855093605640652,4,14,46
MKRUSDT,2022-02-15,e2122,0.04345691136754226,3,13,22
MLNUSDT,2025-04-09,e2526,-0.04454955450445486,2,16,46
MMTUSDT,2025-10-27,e2526,-0.1952173913043479,7,13,46
MNTUSDT,2023-10-02,e2324,-0.003706485137721316,0,18,24
MOBILEUSDT,2024-02-22,e2324,-0.08372553876641065,4,12,23
MOCAUSDT,2024-07-12,e2324,-0.014992503748125996,1,14,23
MONUSDT,2025-11-25,e2526,0.4459542927733169,2,20,24
MOODENGUSDT,2024-10-01,e2324,-0.07927476130774425,4,16,24
MORPHOUSDT,2024-11-22,e2324,-0.2493601462522852,8,15,23
MOTHERUSDT,2024-08-09,e2324,-0.2014459835567357,4,14,23
MOVEUSDT,2024-12-09,e2324,0.05005704506560171,6,12,23
MOVRUSDT,2023-11-23,e2324,-0.015992892047978713,5,14,23
MRVLUSDT,2026-05-13,e2526,0.08571091723650093,10,16,23
MSFTUSDT,2026-04-27,e2526,0.008786187077473917,7,16,23
MSTRUSDT,2026-04-29,e2526,-0.007976968751874147,10,16,23
MTLUSDT,2022-04-13,e2122,-0.08881149325206794,6,13,22
MUBARAKUSDT,2025-03-17,e2526,0.21275906735751282,5,16,47
MULTIUSDT,2023-09-20,e2324,-0.04561670079936586,1,15,23
MUSDT,2025-07-08,e2526,0.5779186476492342,2,15,144
MUUSDT,2026-05-07,e2526,0.14624882728565813,7,16,23
MVLLUSDT,2026-06-30,e2526,-0.06953773212169101,15,14,23
MVLUSDT,2024-11-29,e2324,-0.08214394169450345,5,16,23
MYRIAUSDT,2023-12-15,e2324,-0.10043031649083844,3,13,23
MYROUSDT,2024-01-19,e2324,-0.09390298175344902,4,14,43
MYXUSDT,2025-08-05,e2526,0.2966923846826752,4,15,183
NAORISUSDT,2025-07-31,e2526,-0.24759309718437794,6,12,45
NBISUSDT,2026-05-26,e2526,0.05514854600206753,5,16,23
NCUSDT,2025-01-17,e2526,-0.077162747675381,6,14,46
NEARUSDT,2021-10-11,e2122,-0.04703262151185639,4,20,23
NEIROETHUSDT,2024-08-15,e2324,-0.30221850146504825,1,15,23
NEOUSDT,2022-01-30,e2122,-0.007060010085728541,4,19,23
NEWTUSDT,2025-06-20,e2526,0.08699029126213587,2,14,106
NFPUSDT,2023-12-27,e2324,-0.2116876400620582,2,12,23
NIGHTUSDT,2025-12-09,e2526,0.8093629343629345,2,13,181
NILUSDT,2025-03-20,e2526,0.00022222222222212373,5,11,45
NKNUSDT,2023-02-21,e2324,-0.03379780610732297,4,16,23
NMRUSDT,2023-09-04,e2324,-0.1643998336995901,1,17,24
NODEUSDT,2025-09-04,e2526,-0.17334375610709407,5,14,46
NOKIAUSDT,2026-06-05,e2526,-0.13795928656960987,12,16,23
NOMUSDT,2025-10-01,e2526,-0.05646142613774652,10,16,46
NOTUSDT,2024-05-16,e2324,0.06222222222222218,5,8,37
NOWUSDT,2026-06-04,e2526,-0.056611780682396806,7,15,23
NSUSDT,2024-12-20,e2324,0.1033980582524272,7,16,23
NTRNUSDT,2023-10-10,e2324,-0.24713193116634802,4,11,23
NULSUSDT,2024-08-27,e2324,-0.12640033819488483,5,14,23
NVDAUSDT,2026-05-06,e2526,0.06295217041800649,4,15,23
NXPCUSDT,2025-05-15,e2526,0.05556933763334149,3,18,47
NYANUSDT,2024-05-29,e2324,0.05391467416783868,5,15,23
OBOLUSDT,2025-05-07,e2526,-0.2915636163781259,3,13,46
OBTUSDT,2025-04-25,e2526,-0.05037593984962396,3,13,46
OCEANUSDT,2022-02-23,e2122,-0.09314954051796165,2,12,22
OGNUSDT,2022-03-19,e2122,0.05315011667098779,5,15,22
OGUSDT,2023-08-28,e2324,0.03229770461395787,2,12,23
OKBUSDT,2025-09-11,e2526,0.0342056459921698,3,12,46
OLUSDT,2024-11-21,e2324,-0.1068265682656826,8,14,23
OMGUSDT,2021-10-12,e2122,0.06678045658203535,10,21,23
OMNIUSDT,2024-04-17,e2324,-0.21646933533796897,2,10,23
OMUSDT,2024-03-18,e2324,0.07302122563464186,7,13,23
ONDOUSDT,2024-01-23,e2324,0.21378008494572898,5,15,23
ONDSUSDT,2026-06-09,e2526,-0.1333333333333333,15,15,23
ONEUSDT,2021-10-25,e2122,0.11440064360418334,7,17,23
ONGUSDT,2023-11-28,e2324,-0.1254736842105263,7,14,23
ONTUSDT,2022-06-06,e2122,-0.04725274725274731,3,15,22
OPENUSDT,2025-09-08,e2526,0.014563990533406068,4,11,45
OPGUSDT,2026-04-23,e2526,-0.14537037037037048,4,18,47
OPNUSDT,2026-02-11,e2526,-0.2680871362696773,2,14,46
OPUSDT,2022-06-01,e2122,-0.018771874005726885,2,15,22
ORBSUSDT,2023-10-13,e2324,0.47973238882329805,6,16,27
ORCAUSDT,2024-04-01,e2324,-0.10325183954426775,5,10,23
ORCLUSDT,2026-05-06,e2526,0.017080745341614856,4,15,23
ORDERUSDT,2024-08-27,e2324,-0.20019870839542975,5,14,23
ORDIUSDT,2023-05-22,e2324,-0.07002746174970575,1,16,24
ORNUSDT,2024-03-11,e2324,0.04009216589861753,2,15,23
OSMOUSDT,2024-05-30,e2324,-0.031433506044905135,4,14,23
OUSDT,2026-06-23,e2526,0.30494505494505497,6,20,47
OXTUSDT,2023-08-10,e2324,0.0036900369003691758,4,16,24
PARTIUSDT,2025-03-25,e2526,0.02790279027902809,5,11,45
PAXGUSDT,2022-03-15,e2122,-0.0051679586563307955,2,16,22
PEAQUSDT,2024-11-19,e2324,-0.24695009242144184,11,15,23
PENDLEUSDT,2023-07-05,e2324,0.012760477639897072,2,14,23
PENGUSDT,2024-05-27,e2324,0.8124288641019803,6,11,23
PENGUUSDT,2024-12-17,e2324,-0.2903290129611167,6,10,45
PEOPLEUSDT,2021-12-29,e2122,0.0032245062474809405,2,13,22
PERPUSDT,2023-09-06,e2324,0.5428218610579987,3,16,24
PHAROSUSDT,2026-05-14,e2526,-0.06528033693077118,11,15,46
PHAUSDT,2024-05-31,e2324,0.0000521376433786358,6,14,23
PHBUSDT,2023-05-18,e2324,-0.12755527743012096,0,15,23
PIEVERSEUSDT,2025-11-14,e2526,1.548318245381615,2,11,45
PIGGYUSDT,2025-10-29,e2526,-0.02410214719525594,8,12,45
PIPPINUSDT,2025-01-17,e2526,-0.2331989618421778,6,15,23
PIRATEUSDT,2024-07-22,e2324,0.015242080095636545,5,13,23
PIXELUSDT,2024-02-20,e2324,-0.09765421372719374,3,13,23
PIXFIUSDT,2024-08-08,e2324,0.013058764439979997,3,15,23
PLAYSOUTUSDT,2026-01-20,e2526,-0.036480952971832736,2,14,46
PLTRUSDT,2026-04-29,e2526,0.0004959965988804438,10,16,23
PLUMEUSDT,2025-01-24,e2526,-0.004160363086233132,6,15,46
PNUTUSDT,2024-11-11,e2324,0.16224730900498807,3,15,23
POLUSDT,2024-09-05,e2324,-0.025545502927088903,3,15,23
POLYXUSDT,2023-10-24,e2324,-0.08643042350907515,4,15,23
PONKEUSDT,2024-06-07,e2324,0.059460396898149304,5,14,23
POPCATUSDT,2024-03-28,e2324,0.01689612015018782,2,15,23
PORTALUSDT,2024-03-01,e2324,-0.08028390496833693,1,18,24
POWERUSDT,2025-12-29,e2526,0.004850836769342726,1,14,46
POWRUSDT,2023-10-24,e2324,0.3112897332846183,4,15,23
PRAIUSDT,2025-05-19,e2526,0.0018619662363454914,4,16,46
PRCLUSDT,2024-07-17,e2324,-0.0026933435936900008,2,14,23
PRIMEUSDT,2024-09-30,e2324,0.022413293401603696,3,16,23
PRLUSDT,2026-03-27,e2526,-0.040043883708173356,2,19,47
PROMPTUSDT,2025-04-10,e2526,1.2298251915708813,1,10,45
PROMUSDT,2023-09-05,e2324,0.01959114139693341,2,16,23
PROSUSDT,2024-11-15,e2324,-0.18563463430632987,8,14,23
PROVEUSDT,2025-08-05,e2526,0.8396766588076794,4,7,44
PTBUSDT,2025-09-03,e2526,0.2594142259414225,5,11,45
PUFFERUSDT,2024-10-14,e2324,0.7041381557510591,3,11,23
PUMPFUNUSDT,2025-07-10,e2526,-0.005204460966542812,5,19,47
PUMPUSDT,2025-04-11,e2526,1.5850340136054424,2,15,46
PUNDIXUSDT,2025-04-30,e2526,-0.17993932499051946,6,12,46
PUNDUUSDT,2024-03-28,e2324,-0.07031828275351593,2,11,23
PYRUSDT,2024-10-07,e2324,-0.05297532656023218,3,15,23
PYTHUSDT,2023-11-21,e2324,0.13408420488066497,3,17,24
QCOMUSDT,2026-05-26,e2526,-0.05721149930776126,5,16,23
QIUSDT,2023-12-12,e2324,-0.16595744680851066,4,15,23
QNTUSDT,2023-06-19,e2324,-0.003794308537194313,0,15,23
QNTXUSDT,2026-06-09,e2526,-0.15255921815471263,15,15,23
QQQUSDT,2026-05-07,e2526,0.021848594832656554,7,15,23
QTUMUSDT,2021-12-13,e2122,-0.03251179863660203,8,14,22
QUICKUSDT,2024-09-10,e2324,0.0657799274486095,2,15,23
QUSDT,2025-09-12,e2526,0.5227212506624273,6,12,46
RADUSDT,2023-06-08,e2324,-0.07626208378088084,4,15,23
RAREUSDT,2023-11-27,e2324,0.21435406698564607,6,15,23
RAVEUSDT,2025-12-15,e2526,-0.0388466032909075,4,18,47
RAYDIUMUSDT,2024-06-04,e2324,0.056450206383349855,6,15,23
RAYUSDT,2022-02-15,e2122,0.006720430107526765,3,15,22
RDNTUSDT,2023-04-17,e2324,0.04470750488449604,0,15,23
RECALLUSDT,2025-10-15,e2526,-0.35106171859495927,5,12,45
REDUSDT,2025-02-26,e2526,0.2792792792792793,2,14,46
REEFUSDT,2022-02-15,e2122,0.00919732441471588,3,14,22
RENDERUSDT,2024-07-26,e2324,-0.005534204458109038,5,16,23
RENUSDT,2021-12-24,e2122,-0.05353476092695797,1,20,23
REQUSDT,2021-12-06,e2122,0.012612268297343965,14,15,22
RESOLVUSDT,2025-06-10,e2526,0.6560077519379846,4,11,45
REUSDT,2026-06-18,e2526,1.0995752713544125,4,10,45
REXUSDT,2025-01-09,e2526,-0.09469254150105222,7,14,23
REZUSDT,2024-05-08,e2324,0.030598052851182,0,13,23
RFCUSDT,2025-04-14,e2526,-0.18611111111111112,5,16,47
RHEAUSDT,2025-08-06,e2526,0.010513865159679225,5,13,46
RIFSOLUSDT,2024-11-18,e2324,-0.33532414988922066,8,14,23
RIFUSDT,2023-10-23,e2324,0.10171017101710156,2,14,23
RIVERUSDT,2025-10-22,e2526,0.34201052340072,5,12,45
RKLBUSDT,2026-05-20,e2526,0.009163346613545897,10,16,23
RLCUSDT,2023-03-22,e2324,0.10687991876110692,2,15,23
RLSUSDT,2025-12-02,e2526,-0.21215793193981625,1,14,46
RLUSDUSDT,2025-09-26,e2526,-0.003195845400978836,5,10,45
RNDRUSDT,2021-12-01,e2122,0.035381750465549144,13,12,22
ROAMUSDT,2025-03-07,e2526,-0.2424075096631696,2,14,46
ROBOUSDT,2026-02-25,e2526,0.08452763966071952,0,14,46
RONINUSDT,2025-02-13,e2526,0.027395026498165498,6,17,47
RONUSDT,2024-02-20,e2324,-0.05022831050228316,3,13,23
ROSEUSDT,2022-01-14,e2122,0.1482758620689657,4,13,22
RPLUSDT,2023-03-01,e2324,-0.08564310183743384,3,14,23
RSRUSDT,2021-12-01,e2122,0.04494382022471921,13,11,22
RSS3USDT,2022-02-23,e2122,-0.1765253223448091,2,13,22
RUNEUSDT,2021-11-29,e2122,0.04976744186046522,13,13,22
RVNUSDT,2022-01-06,e2122,-0.06476683937823835,2,14,22
SAFEUSDT,2024-04-29,e2324,-0.09490575649516053,3,12,23
SAGAUSDT,2024-04-09,e2324,-0.08642233024185131,3,12,23
SAHARAUSDT,2025-06-20,e2526,0.015315315315315159,2,11,69
SAMSUNGUSDT,2026-06-04,e2526,-0.1713164225720677,7,21,24
SANDUSDT,2021-11-01,e2122,0.7890251021599533,1,15,22
SAPIENUSDT,2025-08-20,e2526,0.38963198611814054,3,6,44
SAROSUSDT,2025-05-20,e2526,0.08848859378081642,4,16,46
SCAUSDT,2024-03-13,e2324,0.0045620437956204185,4,14,23
SCRTUSDT,2022-03-30,e2122,-0.027371925282041687,6,12,22
SCRUSDT,2024-10-10,e2324,-0.2424050632911392,3,17,23
SCUSDT,2021-12-01,e2122,0.05385288966725055,13,12,22
SDUSDT,2024-11-14,e2324,-0.055762576523822105,8,15,23
SEIUSDT,2023-08-16,e2324,-0.21035494817940015,6,20,24
SENDUSDT,2024-12-13,e2324,0.12901552484345458,5,14,23
SENTUSDT,2025-11-15,e2526,-0.12613333333333332,3,16,46
SERAPHUSDT,2025-03-11,e2526,-0.044160132067684765,3,16,46
SFPUSDT,2021-11-26,e2122,0.07564714752450374,13,15,23
SHELLUSDT,2025-02-17,e2526,-0.1965357571600067,6,16,46
SHIB1000USDT,2021-10-20,e2122,-0.018729932215483358,1,17,23
SIGNUSDT,2025-04-28,e2526,0.30443209717017705,5,13,166
SILLYUSDT,2023-12-27,e2324,-0.06983883346124331,2,10,23
SIRENUSDT,2025-03-22,e2526,-0.22580645161290325,5,21,48
SKATEUSDT,2025-06-09,e2526,-0.36188436830835125,3,14,46
SKHYNIXUSDT,2026-06-04,e2526,-0.132030028591952,7,21,24
SKLUSDT,2022-03-23,e2122,0.0372918175235335,5,15,22
SKRUSDT,2026-01-20,e2526,0.8964545454545456,2,13,45
SKYAI1USDT,2026-05-25,e2526,-0.269326270485019,6,15,46
SKYAIUSDT,2025-05-13,e2526,0.31068283768067784,3,14,46
SKYUSDT,2025-08-11,e2526,-0.030996052937079077,7,16,46
SLERFUSDT,2024-03-18,e2324,0.4799036858677532,7,12,23
SLFUSDT,2024-09-03,e2324,-0.15791251477790913,1,15,23
SLPUSDT,2021-11-18,e2122,0.012381534698868712,4,17,23
SLXUSDT,2026-06-01,e2526,-0.2263617071445413,5,16,46
SMCIUSDT,2026-06-24,e2526,0.004464285714285587,11,16,24
SNDKUSDT,2026-04-28,e2526,0.03501395278678632,9,16,23
SNTUSDT,2023-11-02,e2324,0.0203222262907361,1,13,23
SNXUSDT,2021-12-13,e2122,-0.03557838660578394,8,14,22
SOLAYERUSDT,2025-02-11,e2526,-0.03809990205680702,5,10,140
SOLOUSDT,2024-12-26,e2324,0.10144194282823182,8,14,23
SOLUSDT,2021-10-15,e2122,0.050276353466071955,11,24,24
SOLVUSDT,2025-01-17,e2526,-0.2861729744500615,6,14,46
SOMIUSDT,2025-09-02,e2526,0.05407303370786498,5,10,45
SONICUSDT,2025-01-07,e2526,0.10150516233362361,4,12,177
SOONUSDT,2025-05-23,e2526,-0.2632453387483846,5,15,46
SOPHUSDT,2025-05-28,e2526,-0.22220697227559705,6,11,177
SOSOUSDT,2025-06-26,e2526,0.02733439744612931,3,13,46
SOXLUSDT,2026-05-19,e2526,0.17008635578583764,12,15,23
SPACEUSDT,2026-01-23,e2526,-0.0412719891745601,6,12,45
SPCXUSDT,2026-06-15,e2526,0.19882530821121192,5,15,23
SPECUSDT,2024-05-27,e2324,0.24575682382134012,6,16,23
SPELLUSDT,2021-12-13,e2122,-0.15500376222723844,8,15,22
SPKUSDT,2025-06-17,e2526,-0.15159755268524822,2,15,46
SPORTFUNUSDT,2026-01-19,e2526,-0.19374159638186028,0,15,46
SPXUSDT,2024-10-29,e2324,-0.10509254418069647,3,16,23
SPYUSDT,2026-05-14,e2526,-0.012768007708985785,11,15,23
SQDUSDT,2025-06-11,e2526,0.06795302013422821,5,13,46
SQQQUSDT,2026-06-30,e2526,0.00026308866087876304,15,14,23
SRMUSDT,2021-10-11,e2122,-0.0197308245132628,4,20,23
SSVUSDT,2023-03-01,e2324,-0.07687113111986488,3,14,23
STABLEUSDT,2025-11-06,e2526,-0.022141560798548232,1,11,45
STBLUSDT,2025-09-17,e2526,0.4032168948370065,7,14,46
STEEMUSDT,2023-10-25,e2324,-0.25095188646590505,5,16,24
STGUSDT,2022-08-26,e2122,-0.2256335282651073,0,16,24
STMXUSDT,2022-03-28,e2122,-0.08197847492557819,6,14,22
STORJUSDT,2021-11-22,e2122,0.06971849513285977,4,16,22
STOUSDT,2025-04-16,e2526,-0.02408694800744149,6,14,46
STPTUSDT,2023-10-04,e2324,0.2642322097378276,2,14,23
STRAXUSDT,2023-10-09,e2324,0.3339130434782609,2,14,23
STRKUSDT,2024-02-20,e2324,-0.29385474860335203,3,10,23
STXUSDT,2021-12-03,e2122,-0.0969305331179321,13,16,23
STXXUSDT,2026-06-25,e2526,-0.16083550426249105,12,16,23
SUIUSDT,2023-05-03,e2324,0.0561920132291327,1,11,23
SUNDOGUSDT,2024-08-26,e2324,0.06619663141402254,5,15,24
SUNUSDT,2022-02-25,e2122,0.028029322984044924,5,16,23
SUPERUSDT,2023-11-23,e2324,0.07432110528823244,5,14,23
SUSDT,2025-01-15,e2526,0.07982322883579629,4,15,23
SUSHIUSDT,2021-11-30,e2122,0.013929815162068149,13,24,24
SWARMSUSDT,2025-01-06,e2526,0.40541343554089804,2,16,23
SWEATUSDT,2022-11-04,e2122,0.15198863636363646,0,18,24
SWELLUSDT,2024-11-07,e2324,0.6515648286140088,2,13,23
SXPUSDT,2021-12-08,e2122,-0.06285886974916899,9,14,22
SXTUSDT,2025-05-03,e2526,-0.21764705882352942,5,16,46
SYNUSDT,2024-08-20,e2324,-0.0499660095173351,3,14,23
SYRUPUSDT,2025-05-19,e2526,0.09457236842105265,4,17,47
SYSUSDT,2024-08-20,e2324,-0.020460358056266004,3,14,23
TACUSDT,2025-07-15,e2526,-0.3659127625201939,7,13,46
TAIKOUSDT,2024-06-05,e2324,0.29983843461089665,6,9,23
TAIUSDT,2024-11-14,e2324,0.047215647190731236,8,14,23
TANSSIUSDT,2025-07-09,e2526,0.18863157894736848,3,12,45
TAOUSDT,2024-01-30,e2324,0.14055209953343706,1,14,23
TAUSDT,2025-07-21,e2526,-0.27475592747559274,6,15,46
THETAUSDT,2021-08-31,e2122,0.0592261904761906,4,11,22
THEUSDT,2024-11-27,e2324,0.9464454976303318,7,15,23
TIAUSDT,2023-10-31,e2324,0.18870824987189638,1,7,22
TLMUSDT,2021-11-22,e2122,0.14277251184834117,4,16,22
TNSRUSDT,2024-04-09,e2324,-0.13537486800422383,3,13,23
TOKENUSDT,2023-11-03,e2324,-0.038644067796610115,4,11,23
TOMIUSDT,2023-10-10,e2324,0.1613452532992763,4,15,23
TOMOUSDT,2022-04-28,e2122,-0.08697303456133687,3,15,22
TONUSDT,2023-08-31,e2324,0.13816601069141754,2,17,24
TOWNSUSDT,2025-08-05,e2526,-0.1560633601661906,4,10,45
TQQQUSDT,2026-06-24,e2526,0.027689454160042315,11,16,24
TRBUSDT,2022-06-10,e2122,0.26492391728443243,2,15,22
TREEUSDT,2025-07-29,e2526,-0.3603482113830927,6,10,45
TRIAUSDT,2026-02-05,e2526,0.08476887414208445,0,14,46
TROYUSDT,2024-11-13,e2324,-0.11622481442205723,6,15,23
TRUMPUSDT,2025-01-18,e2526,0.9280165289256199,7,14,46
TRUSTUSDT,2025-11-14,e2526,-0.0020668782756330106,2,12,51
TRUTHUSDT,2025-10-01,e2526,0.03475327528045824,10,10,45
TRUUSDT,2023-03-09,e2324,-0.06362815884476536,1,16,24
TRXUSDT,2021-08-31,e2122,0.07017543859649122,4,11,22
TSLAUSDT,2026-04-21,e2526,-0.018900038104915584,2,12,23
TSMUSDT,2026-04-22,e2526,0.037497298465528406,5,15,23
TSTBSCUSDT,2025-02-09,e2526,-0.6203009238086528,2,13,46
TURTLEUSDT,2025-10-22,e2526,-0.1527377521613833,5,9,150
TUSDT,2023-03-06,e2324,-0.0744500846023689,3,14,23
TUTUSDT,2025-03-19,e2526,0.40774397471355206,5,14,46
TWTUSDT,2022-11-18,e2122,-0.0120126926563916,0,20,24
UAIUSDT,2025-11-17,e2526,0.01029866117404743,5,14,46
UBUSDT,2025-09-12,e2526,1.508363510950164,6,15,46
UMAUSDT,2023-06-08,e2324,-0.025395033860045158,4,15,23
UNFIUSDT,2022-05-30,e2122,-0.02208803432385198,1,14,22
UNIUSDT,2021-11-30,e2122,0.03488429466620624,13,24,24
UROUSDT,2024-12-13,e2324,-0.32295819935691317,5,14,23
USARUSDT,2026-06-23,e2526,-0.034482758620689724,6,15,23
USD1USDT,2025-07-16,e2526,0.01051673576701373,8,13,46
USDCUSDT,2022-06-28,e2122,0.0017017017017015856,0,14,22
USDEUSDT,2024-08-07,e2324,-0.01078353779184793,2,14,23
USELESSUSDT,2025-07-10,e2526,-0.16242464835900872,5,13,46
USTCUSDT,2023-11-27,e2324,-0.3400562851782365,6,15,23
USTUSDT,2022-05-10,e2122,-0.1288578508673125,2,16,23
USUALUSDT,2024-11-19,e2324,-0.5201960784313726,11,17,23
USUSDT,2025-12-12,e2526,-0.40138267588450594,3,13,46
UVXYUSDT,2026-06-25,e2526,0.035361216730038114,12,16,23
UXLINKUSDT,2024-07-19,e2324,-0.12420127795527158,4,14,23
VANAUSDT,2024-12-16,e2324,-0.29718939004625056,6,12,43
VANRYUSDT,2024-03-14,e2324,-0.027495908346972242,5,12,23
VELODROMEUSDT,2024-12-13,e2324,-0.3119771534067963,5,14,23
VELOUSDT,2024-05-20,e2324,-0.009970400373890076,6,15,23
VELVETUSDT,2025-07-15,e2526,-0.26135656502800253,7,14,46
VETUSDT,2021-10-25,e2122,0.04226918798665191,7,17,23
VFYUSDT,2025-09-30,e2526,-0.5212412453351056,10,12,45
VGXUSDT,2023-08-01,e2324,-0.08558714748035134,4,14,23
VICUSDT,2025-03-13,e2526,-0.11505190311418678,4,16,46
VIDTUSDT,2024-08-26,e2324,0.12844488188976366,5,16,23
VINEUSDT,2025-01-23,e2526,-0.43928402798643607,8,12,46
VIRTUALUSDT,2024-11-01,e2324,0.18361417780360245,2,15,23
VOXELUSDT,2024-08-21,e2324,-0.11811023622047245,4,13,23
VRAUSDT,2023-10-03,e2324,0.17462506464402683,1,13,23
VRUSDT,2025-01-16,e2526,-0.10920897284533648,4,14,23
VTHOUSDT,2024-02-19,e2324,-0.0486097608399767,0,14,23
VVVUSDT,2025-01-28,e2526,-0.44807556911523116,6,20,47
WALUSDT,2025-03-27,e2526,0.2393451143451144,2,14,172
WAVESUSDT,2022-01-05,e2122,-0.11406249999999996,1,13,22
WAXPUSDT,2023-10-10,e2324,0.13157894736842124,4,15,23
WCTUSDT,2025-04-15,e2526,0.3004484304932735,6,13,165
WDCUSDT,2026-05-28,e2526,0.0038888361946316508,5,16,23
WETUSDT,2025-12-04,e2526,0.06424548902425009,1,12,45
WHITEWHALEUSDT,2026-01-06,e2526,0.12881022615535875,0,12,45
WIFUSDT,2024-01-11,e2324,-0.08291032148900168,1,12,23
WLDUSDT,2023-07-24,e2324,-0.16709701217262996,0,13,23
WLFIUSDT,2025-08-23,e2526,-0.4158974358974359,4,14,46
WOOUSDT,2021-11-09,e2122,0.022263307911563057,2,16,22
WSMUSDT,2023-10-12,e2324,0.03693611867998814,5,11,23
WUSDT,2024-04-03,e2324,-0.19661118160782254,6,10,23
XAGUSDT,2026-03-09,e2526,0.06781095128732018,1,22,48
XAIUSDT,2024-01-10,e2324,0.22558273935657858,0,12,23
XANUSDT,2025-09-29,e2526,-0.21190367421523204,9,14,46
XAUTUSDT,2025-04-03,e2526,-0.011690035944431854,3,13,46
XAUUSDT,2026-03-09,e2526,0.024848763380520777,1,22,48
XCHUSDT,2024-05-27,e2324,0.04690491384811746,6,16,23
XCNUSDT,2022-04-28,e2122,-0.026312817617165418,3,14,22
XDCUSDT,2025-02-10,e2526,-0.021320346320346295,4,15,46
XEMUSDT,2021-11-30,e2122,0.00414446417998815,13,18,24
XIONUSDT,2024-12-05,e2324,-0.12642628936558653,5,14,23
XLMUSDT,2021-08-31,e2122,0.06320372316469003,4,18,22
XMRUSDT,2022-01-14,e2122,-0.0011486331265794236,4,13,22
XNOUSDT,2022-09-02,e2122,-0.03091309130913089,0,18,24
XNYUSDT,2025-08-13,e2526,0.16397564849126534,5,11,45
XPINUSDT,2025-09-12,e2526,-0.036870233591545065,6,12,46
XPLUSDT,2025-08-22,e2526,0.13708333333333322,3,13,46
XRDUSDT,2023-12-12,e2324,0.08994240141781118,4,15,23
XRPUSDT,2021-05-13,e2122,0.0763499500729703,1,15,22
XTERUSDT,2025-03-06,e2526,0.27533193570929404,1,14,46
XVGUSDT,2023-07-05,e2324,-0.08133673180402146,2,14,23
XVSUSDT,2023-09-08,e2324,-0.04968163901762901,3,14,23
YALAUSDT,2025-08-08,e2526,0.015132408575031508,6,17,47
YBUSDT,2025-10-11,e2526,-0.20298013245033109,5,15,46
YFIIUSDT,2023-08-16,e2324,-0.20536484388476806,6,13,23
YFIUSDT,2021-12-10,e2122,0.0418076365393909,7,16,23
YGGUSDT,2021-11-23,e2122,0.09526677104660952,6,16,22
YZYUSDT,2025-08-21,e2526,-0.4667697063369398,2,20,47
ZAMAUSDT,2026-01-09,e2526,-0.19387288523090995,2,14,46
ZBCNUSDT,2024-04-17,e2324,-0.0815502624142107,2,13,23
ZBCUSDT,2023-08-22,e2324,-0.04177026355047242,4,13,23
ZBTUSDT,2025-10-17,e2526,-0.40996367410482604,7,11,178
ZCXUSDT,2024-06-24,e2324,-0.060875512995896,4,11,23
ZECUSDT,2021-11-24,e2122,0.16272655634357758,10,17,23
ZENTUSDT,2024-12-23,e2324,0.04805999347896961,7,15,23
ZENUSDT,2021-11-26,e2122,-0.04314946619217086,13,15,23
ZEREBROUSDT,2024-12-30,e2324,0.4143932267168391,4,16,23
ZESTUSDT,2026-06-05,e2526,0.12656119900083262,12,16,46
ZETAUSDT,2024-02-01,e2324,1.4727810650887574,3,18,24
ZEUSUSDT,2024-04-09,e2324,-0.10001073076510347,3,20,24
ZILUSDT,2022-01-30,e2122,-0.02985720467330155,4,19,23
ZKCUSDT,2025-09-15,e2526,-0.43339441781787436,6,10,45
ZKFUSDT,2024-01-17,e2324,-0.15445769449176605,2,15,24
ZKJUSDT,2024-06-17,e2324,0.020233812949640217,5,13,23
ZKPUSDT,2025-12-22,e2526,-0.07765793528505394,0,15,113
ZKUSDT,2024-06-20,e2324,-0.14356295878034997,3,21,24
ZORAUSDT,2025-04-25,e2526,-0.2010261194029851,3,13,46
ZRCUSDT,2024-11-25,e2324,-0.15594541910331394,8,14,23
ZROUSDT,2024-06-20,e2324,-0.14801616252314942,3,9,23
ZRXUSDT,2022-03-28,e2122,-0.01961311123052112,6,14,22
