threshold,sign,persistence,era,n_trades,mean_gross_alt_bp,mean_alt_funding_bp,mean_gross_btc_bp,mean_btc_funding_bp,mean_net_unhedged_bp,mean_net_hedged_bp,mean_hold_h,n_weeks,capped_share,se_net_hedged_bp_wk,se_net_unhedged_bp_wk,median_net_hedged_bp,win_rate_hedged
0.0015,1,1,pooled,10457,20.318224311387663,12.416652653724775,-7.781753745253693,-1.508661078703261,-12.265123034887562,-66.5555378588445,6.7296547767046,248,0.0,8.162655222060744,10.07888421791771,-65.57943131478467,0.37113894998565555
0.0015,1,1,e2122,1517,9.567312306856843,12.3521370468029,-17.119897975479496,-2.582160711931444,-23.080550646340257,-87.7826093337512,7.29004614370468,72,0.0,13.501013266278665,17.74761256418108,-80.44821591887812,0.24653922214897825
0.0015,1,1,e2324,2115,76.02185375209216,21.276023782505913,-25.841677983151563,-5.040204302600473,52.29787753459806,-23.58400475115398,11.891725768321512,98,0.0,20.596872201712195,28.06594604826917,-15.357157984711616,0.47706855791962177
0.0015,1,1,e2526,6825,5.445837094359565,9.685561113553115,-0.10956260087178082,-0.17566285714285718,-29.868601792087322,-75.15382725010195,5.005421245421245,78,0.0,9.695912764362813,9.532282008439187,-68.20630276054126,0.366007326007326
0.0015,1,1,pre2025,3632,48.26537264735042,17.548728579295155,-22.198797952414083,-4.013537968061674,20.81410122664557,-50.39823469383019,9.969713656387665,170,0.0,14.02435933006385,19.610580120176614,-58.16145457128137,0.38078193832599116
0.0015,1,1,post2025,6825,5.445837094359565,9.685561113553115,-0.10956260087178082,-0.17566285714285718,-29.868601792087322,-75.15382725010195,5.005421245421245,78,0.0,9.261422684647792,9.4353222497592,-68.20630276054126,0.366007326007326
0.0015,1,2,pooled,3517,28.805215971967396,20.254180665339778,-11.155361508804136,-2.123239579186807,4.05939663730719,-54.219204450683755,8.286892237702588,196,0.0,19.365345460788152,21.831387662449405,-59.46617290411311,0.40176286607904466
0.0015,1,2,e2122,625,30.313218336792254,19.382571839999997,-25.678577617050717,-4.15239968,4.695790176792254,-70.13518712025845,9.5888,60,0.0,25.193174446644477,34.018999354504395,-79.07403493227598,0.2848
0.0015,1,2,e2324,709,105.95783700493428,31.298431452750354,-30.747283669677884,-6.212524682651622,92.25626845768464,10.296460105355127,14.176304654442877,67,0.0,44.86042578204373,57.117598793689176,36.69203716532338,0.5289139633286318
0.0015,1,2,e2526,2183,3.315655829782775,16.916746724690793,-0.6342058149362474,-0.21415657352267523,-24.767597445526423,-70.61595983398534,6.001374255611544,69,0.0,23.12693006436265,22.78170973942943,-61.80147481548204,0.39395327530920754
0.0015,1,2,pre2025,1334,70.51714235156939,25.71566364317841,-28.37251509179784,-5.247323688155922,51.2328059947478,-27.387032785205953,12.026986506746626,127,0.0,28.32860628641768,37.90490667923645,-52.05715269925932,0.41454272863568215
0.0015,1,2,post2025,2183,3.315655829782775,16.916746724690793,-0.6342058149362474,-0.21415657352267523,-24.767597445526423,-70.61595983398534,6.001374255611544,69,0.0,23.192224574679635,23.838721285951245,-61.80147481548204,0.39395327530920754
0.0015,-1,1,pooled,34661,-27.255559142782804,48.777239938259136,0.53126597433149,0.31539365857880614,-23.478319204523665,-67.63165957161335,7.737139724762701,251,0.00011540347941490436,8.359682609529367,9.25918254441401,-107.24717086730686,0.2518103920833213
0.0015,-1,1,e2122,3514,-17.528885756235045,38.51226829823563,5.3230829012432,0.07471789982925442,-24.01661745799942,-63.61881665692695,8.99203187250996,67,0.0,12.24573364689599,13.691252095175514,-95.11231095287005,0.2458736482640865
0.0015,-1,1,e2324,2866,18.824793055118434,76.02727173761342,-23.296191377313985,1.4221688415910678,49.85206479273184,-17.021957742991066,16.341242149337056,105,0.0006978367062107466,24.073199352256523,24.220296782775065,-129.46675394026107,0.32554082344731333
0.0015,-1,1,e2526,28281,-33.13391633239823,47.291172232240726,2.3505456351867697,0.23313761889607862,-30.842744100157496,-73.25906084607465,6.709274778119585,80,0.00007071885718326793,9.853741998577126,10.595459531641369,-108.46190115921219,0.24507619956861498
0.0015,-1,1,pre2025,6380,-1.1982206350220215,55.36461937304076,-7.533161625770107,0.6800148275862069,9.16639873801873,-42.68674806016516,12.293416927899687,172,0.00031347962382445143,13.445128081498863,14.009480345106423,-102.05682354105822,0.2816614420062696
0.0015,-1,1,post2025,28281,-33.13391633239823,47.291172232240726,2.3505456351867697,0.23313761889607862,-30.842744100157496,-73.25906084607465,6.709274778119585,80,0.00007071885718326793,9.895141316619005,10.387371471619762,-108.46190115921219,0.24507619956861498
0.0015,-1,2,pooled,15238,-48.1319850965058,86.84346036225227,1.2714511798153012,0.41286139913374464,-6.2885247342535395,-49.60421215530449,10.266832917705736,248,0.000262501640635254,18.407210132937347,19.706990933517748,-114.84598445341953,0.2720829505184407
0.0015,-1,2,e2122,1557,-27.489589074852894,64.86872691072575,5.694555226582966,0.1122689145793192,-7.620862164127145,-46.81403802296486,11.554913294797688,64,0.0,21.433147221696142,18.885621184263293,-95.36364867585311,0.26204238921001927
0.0015,-1,2,e2324,1165,23.237968360620858,133.26077278969956,-26.652326001209126,1.8625809442060088,111.49874115032044,41.7089960933173,22.01459227467811,105,0.0017167381974248926,46.760913883214144,45.314488307239536,-150.63443188158513,0.3536480686695279
0.0015,-1,2,e2526,12516,-57.343091391109986,85.25657086129755,3.3203827406235624,0.3153141978267818,-17.086520529812454,-58.45082359136211,9.013103227868328,80,0.00015979546180888463,21.385122789808875,22.991620779698874,-116.72148978540432,0.26573985298817515
0.0015,-1,2,pre2025,2722,-5.778492670618174,94.14012053637032,-8.149719802945981,0.8613921748714181,43.36162786575213,-8.926699762322425,16.031594415870682,169,0.0007347538574577516,23.832403130761993,22.85577070040668,-104.37764543981501,0.30124908155767816
0.0015,-1,2,post2025,12516,-57.343091391109986,85.25657086129755,3.3203827406235624,0.3153141978267818,-17.086520529812454,-58.45082359136211,9.013103227868328,80,0.00015979546180888463,21.652629273234023,23.454503058745843,-116.72148978540432,0.26573985298817515
0.003,1,1,pooled,3518,26.007941511750143,11.855161426947129,0.5897890725139066,-0.34206893121091525,-7.136897061302716,-51.88917691999973,3.8118249005116542,191,0.0,12.453600668065425,12.645344866739277,-72.59678225888989,0.34479818078453667
0.003,1,1,e2122,811,15.58890062865843,2.6227235511713936,-1.944024500774415,-0.14989605425400737,-26.788375820170167,-73.88229637519859,2.4932182490752157,59,0.0,7.20368612516363,8.14043067201887,-82.24094130256782,0.2157829839704069
0.003,1,1,e2324,295,45.758813476049134,29.201588813559322,-0.8331755199908513,-2.5610932203389827,29.96040228960844,-18.433866450721393,8.033898305084746,62,0.0,48.73760187820621,43.43615817968062,-61.57606415804724,0.39661016949152544
0.003,1,1,e2526,2412,27.095559640572365,12.83787744610282,1.6157830039922367,-0.13528619402985073,-5.066562913324808,-48.58606610336242,3.7388059701492535,70,0.0,17.23209862627851,17.238798805155326,-68.20107759511711,0.3818407960199005
0.003,1,1,pre2025,1106,23.636029281443474,9.712023056057866,-1.6477311469487808,-0.7930273056057866,-11.651947662498658,-59.092706115053225,3.9710669077757683,121,0.0,13.671137895989656,13.503973496777425,-79.75806373871326,0.2640144665461121
0.003,1,1,post2025,2412,27.095559640572365,12.83787744610282,1.6157830039922367,-0.13528619402985073,-5.066562913324808,-48.58606610336242,3.7388059701492535,70,0.0,17.027849568792952,16.791857520057434,-68.20107759511711,0.3818407960199005
0.003,1,2,pooled,1150,41.83224446369763,19.728010695652173,-1.2129873631917811,-0.3926930434782609,16.560255159349794,-30.045425247320246,4.1808695652173915,134,0.0,31.191136541405807,32.3766692291954,-71.44083268682233,0.3730434782608696
0.003,1,2,e2122,254,18.139277857902666,5.341723622047243,5.073577253074716,-0.10584842519685034,-21.51899852005009,-61.551269692172234,2.37007874015748,45,0.0,11.907031828009487,10.31822664646427,-80.34876515140458,0.24803149606299213
0.003,1,2,e2324,91,61.385547936214465,50.161964835164866,-12.634500470579386,-3.121527472527472,66.54751277137932,5.791484828272407,9.065934065934066,30,0.0,95.89673050962566,111.2874442746555,-78.9936071817195,0.37362637362637363
0.003,1,2,e2526,805,47.09766421757698,20.826926335403726,-1.9054466423960272,-0.17472360248447208,22.92459055298071,-24.1555796918998,4.2,59,0.0,43.64264438292232,44.25422939682124,-59.442969908878396,0.4124223602484472
0.003,1,2,pre2025,345,29.54626503797911,17.163874202898548,0.4027509549514601,-0.9012884057971016,1.7101392408776634,-43.788398209967966,4.136231884057971,75,0.0,27.21864369974428,30.819653055392035,-79.86768933608877,0.2811594202898551
0.003,1,2,post2025,805,47.09766421757698,20.826926335403726,-1.9054466423960272,-0.17472360248447208,22.92459055298071,-24.1555796918998,4.2,59,0.0,43.444246573748565,44.284949413699316,-59.442969908878396,0.4124223602484472
0.003,-1,1,pooled,20656,-46.65342943290558,68.47706417989929,0.28772136724937214,0.27733197134004656,-23.17636525300628,-67.61131191441686,6.849196359411309,246,0.00009682416731216112,12.208025395194987,12.997110770269385,-113.18485826702452,0.26239349341595664
0.003,-1,1,e2122,2107,-37.5496444313543,49.48656872330328,2.0777777751742486,0.014787755102040808,-33.063075708051024,-75.97051017777473,7.065021357380162,62,0.0,13.382226659007769,18.9014793764581,-96.98254940759304,0.23540579022306596
0.003,-1,1,e2324,1556,-35.57962740251492,110.38665327763495,-25.582644855500064,1.3867127892030846,29.80702587512005,-39.388906191176936,15.19987146529563,105,0.0006426735218508997,31.927382816895665,31.332920473149127,-152.64230615575883,0.352827763496144
0.003,-1,1,e2526,16993,-48.79622416941805,66.99419789913493,2.43464309920373,0.20830261284058144,-26.80202627028312,-69.1590805582388,6.057788501147531,80,0.00005884776084269993,14.688498039455661,15.035804704298029,-115.58169341033877,0.2574589536868122
0.003,-1,1,pre2025,3663,-36.71280400086725,75.35621971061971,-9.672049583091987,0.5975656292656293,-6.356584290247537,-60.43106824407389,10.52061152061152,167,0.000273000273000273,16.26993340400853,17.959792120093127,-104.56256030073784,0.2852852852852853
0.003,-1,1,post2025,16993,-48.79622416941805,66.99419789913493,2.43464309920373,0.20830261284058144,-26.80202627028312,-69.1590805582388,6.057788501147531,80,0.00005884776084269993,14.601410716627875,15.595302644147866,-115.58169341033877,0.2574589536868122
0.003,-1,2,pooled,9128,-66.47568078241999,117.20036509640666,-1.0323110549875543,0.35349181638913235,5.724684313986675,-39.95413492461174,8.79535495179667,238,0.00010955302366345311,28.519981572920493,29.480094197939334,-117.86617266297806,0.28680981595092025
0.003,-1,2,e2122,898,-68.94538001657727,83.27730634743874,7.592996370188767,0.04176135857461026,-30.668073669138522,-68.03331594037515,9.10467706013363,58,0.0,16.227644137237984,18.192860813451308,-92.92622439753227,0.2639198218262806
0.003,-1,2,e2324,613,-6.385175101351849,188.99471451876025,-39.41653484122713,1.7866995106035886,137.60953941740837,54.979704086784814,20.061990212071777,101,0.0,53.946095360358285,49.56595221610395,-165.9370009551369,0.37520391517128876
0.003,-1,2,e2526,7617,-71.02047401731843,115.42183950374164,1.0398962593299625,0.2749015097807536,-0.5986345135768062,-44.283836744466086,7.852172771432323,80,0.0001312852829197847,33.69695937797323,34.16213645975266,-121.83056485757233,0.28239464356045685
0.003,-1,2,pre2025,1511,-43.56523070285578,126.16597028457976,-11.478375325772811,0.7496681005956322,37.60073958172397,-18.127967643453204,13.549966909331568,159,0.0,25.31043405356643,25.74101126873622,-101.9935986405173,0.30906684315023164
0.003,-1,2,post2025,7617,-71.02047401731843,115.42183950374164,1.0398962593299625,0.2749015097807536,-0.5986345135768062,-44.283836744466086,7.852172771432323,80,0.0001312852829197847,33.593815904199786,34.274660817933814,-121.83056485757233,0.28239464356045685
0.005,1,1,pooled,1750,42.233168089143554,11.562276971428572,-2.539382261695602,-0.16609891428571424,8.795445060572142,-38.91003611540918,2.8354285714285714,143,0.0,17.925437121322744,17.668240865009764,-74.74482548851445,0.3251428571428571
0.005,1,1,e2122,504,17.296078294316846,1.3149996031746016,-2.344271412903163,-0.007471428571428578,-26.388922102508545,-73.74066494398313,1.8095238095238095,48,0.0,7.813021416095329,7.527579168091245,-80.58035393246716,0.21428571428571427
0.005,1,1,e2324,127,99.4647544514959,30.39659842519691,-6.04654247322812,-1.4502960629921255,84.8613528766927,32.36451434047253,5.622047244094488,35,0.0,97.38544407334973,101.95801652149306,-80.67836938293556,0.3464566929133858
0.005,1,1,e2526,1119,46.96943420940621,14.040086595174264,-2.2292182946953867,-0.09179615728328866,16.009520804580493,-31.311493647398198,2.9812332439678286,60,0.0,24.731178340530164,25.73641728896107,-68.70100270773268,0.3726541554959786
0.005,1,1,pre2025,631,33.83398934338458,7.168189857369255,-3.089419471003432,-0.2978656101426308,-3.9978207992461536,-52.385105880392224,2.5768621236133122,83,0.0,21.026497884245792,21.546985798140405,-80.67836938293556,0.24088748019017434
0.005,1,1,post2025,1119,46.96943420940621,14.040086595174264,-2.2292182946953867,-0.09179615728328866,16.009520804580493,-31.311493647398198,2.9812332439678286,60,0.0,24.71133573125713,23.981344311686005,-68.70100270773268,0.3726541554959786
0.005,1,2,pooled,536,57.89913635415312,21.540174999999994,-3.695177465677535,-0.19868451492537312,34.43931135415312,-14.454550626449782,3.162313432835821,95,0.0,47.37847585648375,47.81512675917365,-74.64172948878374,0.375
0.005,1,2,e2122,141,28.135314392609263,5.996277304964538,5.953136017863347,0.05300070921985815,-10.868408302426191,-49.86227157534298,1.801418439716312,32,0.0,11.030184121519246,12.054363554504743,-76.1863441095086,0.2695035460992908
0.005,1,2,e2324,37,54.35620846046171,60.40187027027028,-10.144185198331034,-2.0775216216216217,69.758078730732,12.536371910779263,6.837837837837838,13,0.0,165.70466640313418,179.60894200292773,-104.99279280225055,0.2702702702702703
0.005,1,2,e2526,358,69.98792749561755,23.645780726256984,-6.828693988222465,-0.10363044692737432,48.63370822187456,-3.298616213275324,3.3184357541899443,50,0.0,69.20276432403084,68.64167980357044,-61.93246451363423,0.4273743016759777
0.005,1,2,pre2025,178,33.585724957275225,17.30530505617977,2.607063630227436,-0.38986067415730336,5.891030013455002,-36.89176703047485,2.848314606741573,45,0.0,33.879815027059685,37.36016160079643,-78.98634820052565,0.2696629213483146
0.005,1,2,post2025,358,69.98792749561755,23.645780726256984,-6.828693988222465,-0.10363044692737432,48.63370822187456,-3.298616213275324,3.3184357541899443,50,0.0,68.24591180175727,69.10515514439555,-61.93246451363423,0.4273743016759777
0.005,-1,1,pooled,13362,-63.14690300511675,88.8876867459961,0.48825349714124594,0.24660258943271965,-19.25921625912064,-63.524360172546665,6.319937135159408,238,0.0,18.124189388648293,18.765671220630967,-117.49466750769946,0.2780272414309235
0.005,-1,1,e2122,1305,-80.7900423409824,62.69001103448276,9.72287808494094,-0.05130896551724138,-63.10003130649963,-98.42846218707592,6.4735632183908045,58,0.0,14.96672416319497,17.171057117775764,-100.16444665967742,0.2260536398467433
0.005,-1,1,e2324,939,-51.98070457440461,142.5813781682641,-28.71318088191179,1.3159584664536743,45.6006735938595,-26.796548821598613,14.109691160809371,101,0.0,41.355943517970296,40.263287654737965,-159.50699117487915,0.36741214057507987
0.005,-1,1,e2526,11118,-62.01907097535726,87.42785499190501,1.8706030019849413,0.1912553516819572,-19.59121598345224,-62.52935762978534,5.644000719553876,80,0.0,20.94018662557038,22.003371428540213,-120.12644473451275,0.2765785213167836
0.005,-1,1,pre2025,2244,-68.73479806165238,96.12048952762923,-6.360659958675245,0.5208229946524066,-17.614308534023145,-68.45414549804597,9.668894830659536,159,0.0,19.962199879686327,20.51739312384384,-107.46945216577032,0.28520499108734404
0.005,-1,1,post2025,11118,-62.01907097535726,87.42785499190501,1.8706030019849413,0.1912553516819572,-19.59121598345224,-62.52935762978534,5.644000719553876,80,0.0,21.325686801095827,21.4750531019469,-120.12644473451275,0.2765785213167836
0.005,-1,2,pooled,6004,-87.09279935799849,145.24028882411727,-1.4209209995940004,0.2991058794137242,13.14748946611875,-32.97432565406151,7.886242504996669,219,0.0,43.668057626561,43.401120180188265,-126.9734186917683,0.29480346435709526
0.005,-1,2,e2122,550,-98.10640414267588,105.13224345454547,10.663509368185904,-0.11749290909090908,-37.97416068813041,-72.42814422903541,8.692727272727273,54,0.0,29.496154888591462,30.96407451500117,-89.8416388379741,0.28
0.005,-1,2,e2324,377,-45.08625099923881,223.4348236074271,-31.710560807778403,1.592138461538461,133.34857260818828,58.230150261948346,17.384615384615383,86,0.0,73.42568797064932,72.76142216625976,-179.09705161078028,0.363395225464191
0.005,-1,2,e2526,5077,-89.01893410286354,143.77881262556627,-0.48084664359506923,0.24822072089816824,9.759878522702733,-35.47274739999418,7.093559188497144,80,0.0,51.19224320086107,50.735606070709565,-133.52738055279764,0.2913137679732125
0.005,-1,2,pre2025,927,-76.54373128930393,153.24451175836032,-6.569526722794188,0.5777940668824164,31.70078046905636,-19.2909521868554,12.227615965480043,140,0.0,35.20963599022361,36.19154869634281,-103.19656858822988,0.313915857605178
0.005,-1,2,post2025,5077,-89.01893410286354,143.77881262556627,-0.48084664359506923,0.24822072089816824,9.759878522702733,-35.47274739999418,7.093559188497144,80,0.0,52.934554307582594,49.988117111943176,-133.52738055279764,0.2913137679732125
