axis,rule,arm_pct,retain_frac,era,trades,unchanged,adaptive_exits,forfeited_tp_n,forfeited_tp_net_delta,captured_n,captured_net_delta,net_return,gross_return,cost_return,funding_return,max_drawdown,worst_day_return,worst_day,per_trade_net_bps,tp_rate,mean_mae,p10_mae,baseline_mean_mae,changed_partial_funding
full,baseline,,,full,16745,16745,0,0,0.0,0,0.0,-0.20225703905408046,0.3659675652296243,-0.40887298408370476,-0.15935162020000002,-0.38737879112830864,-0.05212901624573644,2022-11-10,-0.12078652675669183,0.15819647656016722,-0.08363386066898901,-0.1927470744988995,-0.08363386066898901,0
full,baseline,,,early,3984,3984,0,0,0.0,0,0.0,0.07393094702302853,0.24011379490335022,-0.09772244128032173,-0.06846040660000001,-0.10236025571516394,-0.05212901624573644,2022-11-10,0.1855696461421399,0.16390562248995985,-0.08503898484610539,-0.18864468864468864,-0.08503898484610539,0
full,baseline,,,late,12761,12761,0,0,0.0,0,0.0,-0.276187986077109,0.12585377032627412,-0.31115054280338306,-0.09089121359999999,-0.3461811598708002,-0.03945902091344896,2024-03-01,-0.2164313032498307,0.1564140741321213,-0.08319517916114233,-0.19383718509265035,-0.08319517916114233,0
full,giveback,0.04,0.5,full,16745,9490,7255,1111,-1.1305595413321288,6144,1.102086504236542,-0.2307300761496675,0.2833368191340373,-0.40887298408370476,-0.1051939112,-0.36463501132654097,-0.037279307823646725,2023-12-23,-0.13779043066567184,0.09184831292923261,-0.06700219147673288,-0.15674362089914928,-0.08363386066898898,6
full,giveback,0.04,0.5,early,3984,2275,1709,265,-0.27892032173626424,1444,0.2559153333832652,0.05132462004855378,0.19276111532887555,-0.09772244128032173,-0.043714053999999995,-0.08176429128201179,-0.035596926098915564,2022-11-10,0.12882685755159082,0.09738955823293173,-0.06772602964841191,-0.14893617021276595,-0.08503898484610539,6
full,giveback,0.04,0.5,late,12761,7215,5546,846,-0.8516392195958646,4700,0.8461711708532769,-0.28205469619822127,0.09057570380516185,-0.31115054280338306,-0.061479857199999995,-0.30783943073254405,-0.037279307823646725,2023-12-23,-0.2210286781586249,0.09011832928453883,-0.06677620830331629,-0.15906928466395653,-0.08319517916114234,6
full,giveback,0.04,0.7,full,16745,7828,8917,1682,-1.4801391178435643,7235,1.4399636349287035,-0.2424325219689417,0.26788546071476316,-0.40887298408370476,-0.10144499859999999,-0.3537984313702205,-0.03676302277950719,2023-12-23,-0.14477905163866328,0.05774858166616901,-0.06656972320534964,-0.15629494678300904,-0.08363386066898898,6
full,giveback,0.04,0.7,early,3984,1851,2133,413,-0.37141704327278624,1720,0.3238519637331326,0.02699883308490866,0.16626349756523037,-0.09772244128032173,-0.041542223200000006,-0.08308706950237355,-0.034708753415225176,2022-11-10,0.06776815533360607,0.060240963855421686,-0.06728818535035194,-0.14832089552238803,-0.08503898484610539,6
full,giveback,0.04,0.7,late,12761,5977,6784,1269,-1.1087220745707782,5515,1.1161116711955705,-0.26943135505385035,0.10162196314953273,-0.31115054280338306,-0.05990277539999999,-0.2980667964118431,-0.03676302277950719,2023-12-23,-0.2111365528201946,0.05697045686074759,-0.0663454184341178,-0.15825229785533512,-0.08319517916114234,6
full,giveback,0.06,0.5,full,16745,12773,3972,695,-0.6515440376756696,3277,0.6587502692744467,-0.19505080745530337,0.33866493732840147,-0.40887298408370476,-0.1248427607,-0.3781529960988578,-0.037268852519305694,2023-12-23,-0.11648301430594409,0.11669154971633323,-0.07540136474758626,-0.174180529579683,-0.08363386066898898,4
full,giveback,0.06,0.5,early,3984,3041,943,160,-0.1517424814191642,783,0.16191504273864665,0.0845021697210354,0.2349741236013571,-0.09772244128032173,-0.05274951259999999,-0.10011689307880456,-0.03640490274049446,2022-11-10,0.21210383966123342,0.12374497991967871,-0.07600976153190134,-0.16682308775222898,-0.08503898484610539,4
full,giveback,0.06,0.5,late,12761,9732,3029,535,-0.4998015562565053,2494,0.49683522653580003,-0.27955297717633876,0.10369081372704438,-0.31115054280338306,-0.07209324810000001,-0.31177573149207416,-0.037268852519305694,2023-12-23,-0.2190682369534823,0.11448946007366194,-0.07521142251823813,-0.17676837406231316,-0.08319517916114234,4
full,giveback,0.06,0.7,full,16745,11255,5490,1255,-0.9501852498517072,4235,0.9423692558418836,-0.21007303306390376,0.32051819421980104,-0.40887298408370476,-0.12171824319999999,-0.37447658101797665,-0.03602922376568555,2023-12-23,-0.1254541851680524,0.083248730964467,-0.07514929435263543,-0.1739773950484393,-0.08363386066898898,4
full,giveback,0.06,0.7,early,3984,2646,1338,304,-0.22937140759898478,1034,0.2248283719416425,0.06950276282991763,0.21825298951023933,-0.09772244128032173,-0.051027785400000004,-0.09792515018874948,-0.03535263843422342,2022-11-10,0.1744547259787089,0.08760040160642571,-0.07574536753130316,-0.1659164859002169,-0.08503898484610539,4
full,giveback,0.06,0.7,late,12761,8609,4152,951,-0.720813842252722,3201,0.7175408839002413,-0.27957579589382137,0.10226520470956171,-0.31115054280338306,-0.0706904578,-0.31058024532139283,-0.03602922376568555,2023-12-23,-0.219086118559534,0.08189013400203746,-0.07496319956822883,-0.17630979498861032,-0.08319517916114234,4
full,giveback,0.08,0.5,full,16745,14739,2006,398,-0.3464669797104831,1608,0.34825632880522256,-0.20046768995934108,0.3479456419243637,-0.40887298408370476,-0.1395403478,-0.3731412801169446,-0.03795200672411985,2023-12-23,-0.11971793965920638,0.13442818751866228,-0.08003875761982024,-0.1852615305333678,-0.08363386066898898,3
full,giveback,0.08,0.5,early,3984,3507,477,91,-0.07971240699895234,386,0.08961012475518282,0.08429006527816761,0.24052419735848932,-0.09772244128032173,-0.058511690799999995,-0.09543199297359917,-0.03748908717453285,2022-11-10,0.21157144899138455,0.14106425702811246,-0.08112076145180316,-0.1776842105263157,-0.08503898484610539,3
full,giveback,0.08,0.5,late,12761,11232,1529,307,-0.26675457271153086,1222,0.2586462040500397,-0.2847577552375087,0.10742144456587441,-0.31115054280338306,-0.081028657,-0.3272636012155734,-0.03795200672411985,2023-12-23,-0.22314689698104276,0.1323563984013792,-0.07970095468379487,-0.1871552403467298,-0.08319517916114234,3
full,giveback,0.08,0.7,full,16745,13714,3031,809,-0.5332657927841454,2222,0.545226439813477,-0.19029639202474882,0.35593110525895594,-0.40887298408370476,-0.1373545132,-0.3513902049616686,-0.03738614548817696,2023-12-23,-0.11364370977888852,0.10988354732756046,-0.07987882179569306,-0.18480283077372062,-0.08363386066898898,3
full,giveback,0.08,0.7,early,3984,3233,751,195,-0.12885573159231323,556,0.13183174423614408,0.07713881618107227,0.23222728906139398,-0.09772244128032173,-0.0573660316,-0.09170696488287788,-0.03685181583307605,2022-11-10,0.19362152655891632,0.11495983935742972,-0.08099028569965044,-0.1776842105263157,-0.08503898484610539,3
full,giveback,0.08,0.7,late,12761,10481,2280,614,-0.40441006119183226,1666,0.41339469557733294,-0.2674352082058211,0.12370381619756195,-0.31115054280338306,-0.0799884816,-0.3086429712798482,-0.03738614548817696,2023-12-23,-0.20957229700322946,0.1082987226706371,-0.0795318213887213,-0.1867935752528258,-0.08319517916114234,3
full,breakeven,0.04,,full,16745,12772,3973,383,-0.5242752686291693,3590,0.4759301210410913,-0.25060218664215844,0.2746470249415463,-0.40887298408370476,-0.1163762275,-0.3888403426514302,-0.03798364116022423,2023-12-23,-0.14965791976241175,0.1353239773066587,-0.06992725159517675,-0.15824500862706437,-0.08363386066898898,4
full,breakeven,0.04,,early,3984,3070,914,102,-0.14396336316499833,812,0.11899064000817217,0.0493894576657112,0.1963734066460329,-0.09772244128032173,-0.0492615077,-0.09002530792370633,-0.037979854922340156,2022-11-10,0.12396952225329116,0.13830321285140562,-0.07079510753742504,-0.15005216731480608,-0.08503898484610539,4
full,breakeven,0.04,,late,12761,9702,3059,281,-0.3803119054641709,2778,0.3569394810329191,-0.2999916443078696,0.07827361829551341,-0.31115054280338306,-0.0671147198,-0.33652443266391807,-0.03798364116022423,2023-12-23,-0.23508474595084214,0.13439385628085573,-0.06965630589547316,-0.1606475716064757,-0.08319517916114234,4
full,breakeven,0.06,,full,16745,14907,1838,188,-0.259291119179594,1650,0.2253993922408729,-0.23614876599280146,0.3058227365909032,-0.40887298408370476,-0.13309851849999998,-0.4113473613375629,-0.03896923111593509,2022-11-10,-0.14102643534953804,0.1469692445506121,-0.07703569218592415,-0.1750421901368837,-0.08363386066898898,2
full,breakeven,0.06,,early,3984,3568,416,49,-0.07057549277973817,367,0.07400031463241113,0.07778700267521042,0.2322855555555321,-0.09772244128032173,-0.0567761116,-0.10120309846539799,-0.03896923111593509,2022-11-10,0.1952485006907892,0.15160642570281124,-0.07766637036851433,-0.16821192052980138,-0.08503898484610539,2
full,breakeven,0.06,,late,12761,11339,1422,139,-0.18871562639985587,1283,0.15139907760846172,-0.31393576866801187,0.07353718103537106,-0.31115054280338306,-0.0763224069,-0.35559474435465765,-0.03748566408450696,2023-12-23,-0.24601188673929306,0.1455215108533814,-0.07683879367644694,-0.17755961627776617,-0.08319517916114234,2
full,breakeven,0.08,,full,16745,15919,826,99,-0.13886120503791605,727,0.1049880301821016,-0.23613021390989483,0.31770342707380983,-0.40887298408370476,-0.14496065689999998,-0.39758225292784455,-0.0396290203105789,2022-11-10,-0.14101535617192884,0.15228426395939088,-0.08083639956668016,-0.18561643835616448,-0.08363386066898898,1
full,breakeven,0.08,,early,3984,3793,191,27,-0.04040155714141968,164,0.03897772709715339,0.0725071169787622,0.23176992805908397,-0.09772244128032173,-0.0615403698,-0.09783432359896382,-0.0396290203105789,2022-11-10,0.1819957755491019,0.1571285140562249,-0.08192878917500306,-0.17843137254901964,-0.08503898484610539,1
full,breakeven,0.08,,late,12761,12126,635,72,-0.09845964789649636,563,0.06601030308494822,-0.3086373308886571,0.08593349901472593,-0.31115054280338306,-0.08342028709999999,-0.3532784593471736,-0.03763950818478092,2024-11-06,-0.2418598314306536,0.1507718830812632,-0.08049535417842232,-0.18802079036383135,-0.08319517916114234,1
te_skip_h6,baseline,,,full,3635,3635,0,0,0.0,0,0.0,0.05805390833415531,0.23142054053981057,-0.08154316600565528,-0.09182346619999998,-0.10444387631757168,-0.0198133751094292,2024-08-23,0.1597081384708537,0.21898211829436037,-0.10961505170057023,-0.2592592592592593,-0.10961505170057019,0
te_skip_h6,baseline,,,early,942,942,0,0,0.0,0,0.0,0.07378687687005077,0.12190887044771057,-0.02186044867765981,-0.026261544899999996,-0.024780706278879405,-0.00652306306694716,2022-02-07,0.7833001790875878,0.18577494692144372,-0.10171398581702726,-0.2311008468052349,-0.10171398581702727,0
te_skip_h6,baseline,,,late,2693,2693,0,0,0.0,0,0.0,-0.01573296853589546,0.1095116700921,-0.059682717327995474,-0.06556192129999999,-0.10444387631757146,-0.0198133751094292,2024-08-23,-0.058421717548813444,0.23059784626810248,-0.11237881109986374,-0.26589364254298276,-0.11237881109986371,0
te_skip_h6,giveback,0.04,0.5,full,3635,1804,1831,364,-0.37236930628581055,1467,0.2723519546201903,-0.04196344333146494,0.10122770367419034,-0.08154316600565528,-0.061647981000000004,-0.07957778366275736,-0.017274323308151186,2024-08-23,-0.11544276019660231,0.1188445667125172,-0.08360885756966835,-0.20729323308270678,-0.10961505170057019,0
te_skip_h6,giveback,0.04,0.5,early,942,466,476,82,-0.08403558919825418,394,0.027706599213150405,0.017746560546949165,0.05709291472460898,-0.02186044867765981,-0.017485905500000003,-0.029914346422126425,-0.007141309670903772,2022-07-28,0.18839236249415248,0.09872611464968153,-0.07862759519120387,-0.19087078651685396,-0.10171398581702727,0
te_skip_h6,giveback,0.04,0.5,late,2693,1338,1355,282,-0.28833371708755634,1073,0.2446453554070399,-0.0597100038784141,0.044134788949581366,-0.059682717327995474,-0.0441620755,-0.07688977523976148,-0.017274323308151186,2024-08-23,-0.22172299991984443,0.12588191607872262,-0.08535128206298939,-0.21617581930912322,-0.11237881109986371,0
te_skip_h6,giveback,0.04,0.7,full,3635,1405,2230,530,-0.46223361679637287,1700,0.3560527859038473,-0.04812692255837035,0.09284139174728494,-0.08154316600565528,-0.0594251483,-0.08593217992272839,-0.01700177049855959,2024-08-23,-0.13239868654297207,0.07317744154057772,-0.08283818999685828,-0.20689655172413787,-0.10961505170057019,0
te_skip_h6,giveback,0.04,0.7,early,942,363,579,115,-0.10221711363168137,464,0.0467741889974814,0.018348815983560078,0.05710789056121989,-0.02186044867765981,-0.016898625900000002,-0.030482991906114032,-0.00738836001931731,2022-07-28,0.19478573230955498,0.06369426751592357,-0.07786319316939641,-0.19087078651685396,-0.10171398581702727,0
te_skip_h6,giveback,0.04,0.7,late,2693,1042,1651,415,-0.3600165031646916,1236,0.30927859690636594,-0.06647573854193042,0.035733501186065046,-0.059682717327995474,-0.0425265224,-0.08335250617016854,-0.01700177049855959,2024-08-23,-0.24684641122142748,0.07649461567025621,-0.08457842282696194,-0.21544772952327063,-0.11237881109986371,0
te_skip_h6,giveback,0.06,0.5,full,3635,2525,1110,237,-0.22451793946634405,873,0.16086301478962772,-0.005601016342561035,0.14903296756309428,-0.08154316600565528,-0.0730908179,-0.07292289540748853,-0.01993701955098122,2024-08-23,-0.015408573156976713,0.15378266850068775,-0.09615755329359409,-0.23497091144149973,-0.10961505170057019,0
te_skip_h6,giveback,0.06,0.5,early,942,651,291,52,-0.047033218489102066,239,0.015102292494877241,0.042144624537828156,0.08540597611548795,-0.02186044867765981,-0.0214009029,-0.026634359802465868,-0.00652306306694716,2022-02-07,0.4473951649450972,0.1305732484076433,-0.08987883709024755,-0.20596590909090917,-0.10171398581702727,0
te_skip_h6,giveback,0.06,0.5,late,2693,1874,819,185,-0.177484720977242,634,0.14576072229475054,-0.04774564088038916,0.0636269914476063,-0.059682717327995474,-0.051689914999999996,-0.07292289540748853,-0.01993701955098122,2024-08-23,-0.17729536160560402,0.16190122539918306,-0.09835382164248099,-0.24870466321243523,-0.11237881109986371,0
te_skip_h6,giveback,0.06,0.7,full,3635,2128,1507,418,-0.3123621786010284,1089,0.2421112659506141,-0.01219700431625901,0.1403808995893963,-0.08154316600565528,-0.0710347379,-0.08554592056585886,-0.01993701955098122,2024-08-23,-0.033554344748993145,0.10398899587345255,-0.09568742889563227,-0.2333132892363201,-0.10961505170057019,0
te_skip_h6,giveback,0.06,0.7,early,942,548,394,90,-0.06572150324894077,304,0.03766143614479893,0.045731673513618204,0.08845915729127801,-0.02186044867765981,-0.0208670351,-0.02708589632386893,-0.00652306306694716,2022-02-07,0.48547424112121235,0.09023354564755838,-0.08940771042913448,-0.20596590909090917,-0.10171398581702727,0
te_skip_h6,giveback,0.06,0.7,late,2693,1580,1113,328,-0.2466406753520876,785,0.20444982980581516,-0.057928677829877206,0.051921742298118266,-0.059682717327995474,-0.0501677028,-0.08554592056585875,-0.01993701955098122,2024-08-23,-0.21510834693604608,0.10880059413293725,-0.09788404783192671,-0.2480521139353684,-0.11237881109986371,0
te_skip_h6,giveback,0.08,0.5,full,3635,3038,597,140,-0.12132585915994695,457,0.10437011626468684,0.04109816543889516,0.20359904164455045,-0.08154316600565528,-0.0809577102,-0.09552785760259397,-0.0198133751094292,2024-08-23,0.11306235333946399,0.18046767537826686,-0.10354576166500178,-0.24931862426995477,-0.10961505170057019,0
te_skip_h6,giveback,0.08,0.5,early,942,781,161,30,-0.02383362953919081,131,0.019460938271358575,0.06965274679853206,0.11465425377619187,-0.02186044867765981,-0.023141058300000003,-0.028002240360351704,-0.00652306306694716,2022-02-07,0.7394134479674317,0.15392781316348195,-0.09651615028093387,-0.22171740118128125,-0.10171398581702727,0
te_skip_h6,giveback,0.08,0.5,late,2693,2257,436,110,-0.0974922296207562,326,0.08490917799332828,-0.0285545813596369,0.08894478786835858,-0.059682717327995474,-0.057816651899999995,-0.09552785760259386,-0.0198133751094292,2024-08-23,-0.10603260809371295,0.18975120683252877,-0.10600468996941771,-0.2575223319228961,-0.11237881109986371,0
te_skip_h6,giveback,0.08,0.7,full,3635,2749,886,281,-0.18069389504598932,605,0.1682539053366606,0.0456139186248265,0.20668554063048183,-0.08154316600565528,-0.079528456,-0.09141711877917769,-0.0198133751094292,2024-08-23,0.12548533321822972,0.14167812929848694,-0.1031560769838523,-0.2490001738828031,-0.10961505170057019,0
te_skip_h6,giveback,0.08,0.7,early,942,700,242,59,-0.03524709712080211,183,0.03498873416100219,0.07376707510656434,0.11848181448422417,-0.02186044867765981,-0.022854290700000002,-0.026899256426190843,-0.00652306306694716,2022-02-07,0.7830899692841226,0.12314225053078556,-0.09616153059645048,-0.22171740118128125,-0.10171398581702727,0
te_skip_h6,giveback,0.08,0.7,late,2693,2049,644,222,-0.14544679792518725,422,0.13326517117565842,-0.028153156481737843,0.08820372614625764,-0.059682717327995474,-0.0566741653,-0.09141711877917758,-0.0198133751094292,2024-08-23,-0.10454198470753004,0.14816190122539918,-0.10560273970087145,-0.2575223319228961,-0.11237881109986371,0
te_skip_h6,breakeven,0.04,,full,3635,2570,1065,145,-0.20134755023757314,920,0.09358214544459596,-0.049711496458821856,0.0991280416468334,-0.08154316600565528,-0.0672963721,-0.10927142624560149,-0.018638462544341945,2024-08-23,-0.1367578994740629,0.17909215955983493,-0.08813162989602337,-0.20878552971576236,-0.10961505170057019,0
te_skip_h6,breakeven,0.04,,early,942,688,254,27,-0.03767892286595366,227,-0.008923287138455823,0.027184666865641277,0.0682257110433011,-0.02186044867765981,-0.0191805955,-0.031349660042184424,-0.00652306306694716,2022-02-07,0.28858457394523646,0.15711252653927812,-0.0835507796199065,-0.19811320754716988,-0.10171398581702727,0
te_skip_h6,breakeven,0.04,,late,2693,1882,811,118,-0.1636686273716194,693,0.1025054325830518,-0.07689616332446314,0.030902330603532313,-0.059682717327995474,-0.0481157766,-0.1092714262456016,-0.018638462544341945,2024-08-23,-0.2855408961175757,0.18678054214630524,-0.0897339919309666,-0.2164486651137787,-0.11237881109986371,0
te_skip_h6,breakeven,0.06,,full,3635,3087,548,73,-0.10159293300281125,475,0.024861816903071324,-0.01867720776558461,0.1407674563400707,-0.08154316600565528,-0.0779014981,-0.10987014827895081,-0.02091380321873422,2024-08-23,-0.051381589451401956,0.19889958734525448,-0.09883146547258816,-0.23642358417377807,-0.10961505170057019,0
te_skip_h6,breakeven,0.06,,early,942,821,121,10,-0.014349243084739664,111,-0.006544925950975332,0.05289270783433578,0.09731596701199557,-0.02186044867765981,-0.022562810500000002,-0.029443244617148645,-0.00652306306694716,2022-02-07,0.5614937137402949,0.1751592356687898,-0.0926488793235645,-0.21065375302663436,-0.10171398581702727,0
te_skip_h6,breakeven,0.06,,late,2693,2266,427,63,-0.08724368991807156,364,0.031406742854046654,-0.07156991559992038,0.043451489328075105,-0.059682717327995474,-0.0553386876,-0.10987014827895081,-0.02091380321873422,2024-08-23,-0.2657627760858536,0.2072038618640921,-0.10099410793541037,-0.24870466321243523,-0.11237881109986371,0
te_skip_h6,breakeven,0.08,,full,3635,3365,270,38,-0.05440144583989513,232,0.01857093539265326,0.022223397886913424,0.18784033459256871,-0.08154316600565528,-0.0840737707,-0.1025679799835173,-0.0198133751094292,2024-08-23,0.06113727066551148,0.20852819807427786,-0.10495321356690777,-0.24948453608247423,-0.10961505170057019,0
te_skip_h6,breakeven,0.08,,early,942,883,59,4,-0.006522779674408542,55,0.0028764236726254305,0.07014052086826764,0.11599502224592748,-0.02186044867765981,-0.0239940527,-0.029419619137534103,-0.00652306306694716,2022-02-07,0.7445915166482764,0.18152866242038215,-0.0980095501408822,-0.2222222222222221,-0.10171398581702727,0
te_skip_h6,breakeven,0.08,,late,2693,2482,211,34,-0.04787866616548659,177,0.015694511720027834,-0.04791712298135423,0.07184531234664125,-0.059682717327995474,-0.060079718000000004,-0.1025679799835173,-0.0198133751094292,2024-08-23,-0.17793213138267444,0.21797252135165243,-0.10738207763943508,-0.2575223319228961,-0.11237881109986371,0
